Analysis & Synthesis report for BasicCPU
Sun Oct  4 20:37:02 2026
Quartus Prime Version 25.1std.0 Build 1129 10/21/2025 SC Lite Edition


---------------------
; Table of Contents ;
---------------------
  1. Legal Notice
  2. Analysis & Synthesis Summary
  3. Analysis & Synthesis Settings
  4. Parallel Compilation
  5. Analysis & Synthesis Source Files Read
  6. Analysis & Synthesis Resource Usage Summary
  7. Analysis & Synthesis Resource Utilization by Entity
  8. Registers Removed During Synthesis
  9. Removed Registers Triggering Further Register Optimizations
 10. General Register Statistics
 11. Parameter Settings for User Entity Instance: NbitRegister:inst2
 12. Parameter Settings for User Entity Instance: 1bitBR:SsdEnable|NbitRegister:instantN
 13. Parameter Settings for User Entity Instance: 1bitBR:SsdEnable|NbitRegister:inst1
 14. Parameter Settings for User Entity Instance: 3bitPSR:deviceSelBuffer|NbitRegister:inst1
 15. Parameter Settings for User Entity Instance: 3bitPSR:deviceSelBuffer|NbitRegister:instantp
 16. Parameter Settings for User Entity Instance: BUSMUX:inst62
 17. Parameter Settings for User Entity Instance: 16bitR:InstructionRegister|NbitRegister:inste
 18. Parameter Settings for User Entity Instance: 16bitR:InstructionRegister|NbitRegister:inst1
 19. Parameter Settings for User Entity Instance: BUSMUX:inst61
 20. Parameter Settings for User Entity Instance: ROM:ReadOnlyInstructionMemory
 21. Parameter Settings for User Entity Instance: ProgramCounter:inst9|BUSMUX:inst5
 22. Parameter Settings for User Entity Instance: ProgramCounter:inst9|NbitDFF:dafdf
 23. Parameter Settings for User Entity Instance: ProgramCounter:inst9|BUSMUX:inst45
 24. Parameter Settings for User Entity Instance: ProgramCounter:inst9|NbitCounter:inst1
 25. Parameter Settings for User Entity Instance: ProgramCounter:inst9|BUSMUX:inst4
 26. Parameter Settings for User Entity Instance: ProgramCounter:inst9|NbitRegister:LINK_REGISTER
 27. Parameter Settings for User Entity Instance: CmpBranchUnit:unit
 28. Parameter Settings for User Entity Instance: BUSMUX:SelA
 29. Parameter Settings for User Entity Instance: 12bitR:Operands|NbitRegister:instas
 30. Parameter Settings for User Entity Instance: 12bitR:Operands|NbitRegister:inst1
 31. Parameter Settings for User Entity Instance: REGISTERS:inst3
 32. Parameter Settings for User Entity Instance: REGISTERS:inst3|NbitDEMUX:write_dmux
 33. Parameter Settings for User Entity Instance: REGISTERS:inst3|NbitN_1MUX:amux
 34. Parameter Settings for User Entity Instance: REGISTERS:inst3|NbitN_1MUX:bmux
 35. Parameter Settings for User Entity Instance: REGISTERS:inst3|NbitRegister:\registe:0:regi
 36. Parameter Settings for User Entity Instance: REGISTERS:inst3|NbitRegister:\registe:1:regi
 37. Parameter Settings for User Entity Instance: REGISTERS:inst3|NbitRegister:\registe:2:regi
 38. Parameter Settings for User Entity Instance: REGISTERS:inst3|NbitRegister:\registe:3:regi
 39. Parameter Settings for User Entity Instance: REGISTERS:inst3|NbitRegister:\registe:4:regi
 40. Parameter Settings for User Entity Instance: REGISTERS:inst3|NbitRegister:\registe:5:regi
 41. Parameter Settings for User Entity Instance: REGISTERS:inst3|NbitRegister:\registe:6:regi
 42. Parameter Settings for User Entity Instance: REGISTERS:inst3|NbitRegister:\registe:7:regi
 43. Parameter Settings for User Entity Instance: 1bitBR:RegEnable|NbitRegister:instantN
 44. Parameter Settings for User Entity Instance: 1bitBR:RegEnable|NbitRegister:inst1
 45. Parameter Settings for User Entity Instance: BUSMUX:inst33
 46. Parameter Settings for User Entity Instance: 1bitBR:LoadWord|NbitRegister:instantN
 47. Parameter Settings for User Entity Instance: 1bitBR:LoadWord|NbitRegister:inst1
 48. Parameter Settings for User Entity Instance: 3bitPSR:inst28|NbitRegister:inst1
 49. Parameter Settings for User Entity Instance: 3bitPSR:inst28|NbitRegister:instantp
 50. Parameter Settings for User Entity Instance: 1bitBR:ImmSelEnable|NbitRegister:instantN
 51. Parameter Settings for User Entity Instance: 1bitBR:ImmSelEnable|NbitRegister:inst1
 52. Parameter Settings for User Entity Instance: BUSMUX:inst35
 53. Parameter Settings for User Entity Instance: 1bitBR:SwSelBuffer|NbitRegister:instantN
 54. Parameter Settings for User Entity Instance: 1bitBR:SwSelBuffer|NbitRegister:inst1
 55. Parameter Settings for User Entity Instance: 16bitR:ExecuteOUT|NbitRegister:inste
 56. Parameter Settings for User Entity Instance: 16bitR:ExecuteOUT|NbitRegister:inst1
 57. Parameter Settings for User Entity Instance: BUSMUX:inst30
 58. Parameter Settings for User Entity Instance: 1bitBR:ExecuteOutSel|NbitRegister:instantN
 59. Parameter Settings for User Entity Instance: 1bitBR:ExecuteOutSel|NbitRegister:inst1
 60. Parameter Settings for User Entity Instance: ALU:inst6
 61. Parameter Settings for User Entity Instance: 16bitR:ABuffer|NbitRegister:inste
 62. Parameter Settings for User Entity Instance: 16bitR:ABuffer|NbitRegister:inst1
 63. Parameter Settings for User Entity Instance: BUSMUX:immBMux
 64. Parameter Settings for User Entity Instance: 1bitBR:ImmediateBSel|NbitRegister:instantN
 65. Parameter Settings for User Entity Instance: 1bitBR:ImmediateBSel|NbitRegister:inst1
 66. Parameter Settings for User Entity Instance: 16bitR:BBuffer|NbitRegister:inste
 67. Parameter Settings for User Entity Instance: 16bitR:BBuffer|NbitRegister:inst1
 68. Parameter Settings for User Entity Instance: BUSMUX:SelB
 69. Parameter Settings for User Entity Instance: 16bitR:ImmediateEX|NbitRegister:inste
 70. Parameter Settings for User Entity Instance: 16bitR:ImmediateEX|NbitRegister:inst1
 71. Parameter Settings for User Entity Instance: 16bitR:ImmediateRegister|NbitRegister:inste
 72. Parameter Settings for User Entity Instance: 16bitR:ImmediateRegister|NbitRegister:inst1
 73. Parameter Settings for User Entity Instance: BUSMUX:inst32
 74. Parameter Settings for User Entity Instance: RAM:ProgramMemory
 75. Parameter Settings for User Entity Instance: 1bitBR:MemoryWEnable|NbitRegister:instantN
 76. Parameter Settings for User Entity Instance: 1bitBR:MemoryWEnable|NbitRegister:inst1
 77. Parameter Settings for User Entity Instance: 12bitR:imm12WB|NbitRegister:instas
 78. Parameter Settings for User Entity Instance: 12bitR:imm12WB|NbitRegister:inst1
 79. Parameter Settings for User Entity Instance: 16bitR:Imm16WB|NbitRegister:inste
 80. Parameter Settings for User Entity Instance: 16bitR:Imm16WB|NbitRegister:inst1
 81. Parameter Settings for User Entity Instance: LPM_CONSTANT:ZERO_CONSTANT8
 82. Parameter Settings for User Entity Instance: LPM_CONSTANT:ZERO_CONSTANT
 83. Post-Synthesis Netlist Statistics for Top Partition
 84. Elapsed Time Per Partition
 85. Analysis & Synthesis Messages



----------------
; Legal Notice ;
----------------
Copyright (C) 2025  Altera Corporation. All rights reserved.
Your use of Altera Corporation's design tools, logic functions 
and other software and tools, and any partner logic 
functions, and any output files from any of the foregoing 
(including device programming or simulation files), and any 
associated documentation or information are expressly subject 
to the terms and conditions of the Altera Program License 
Subscription Agreement, the Altera Quartus Prime License Agreement,
the Altera IP License Agreement, or other applicable license
agreement, including, without limitation, that your use is for
the sole purpose of programming logic devices manufactured by
Altera and sold by Altera or its authorized distributors.  Please
refer to the Altera Software License Subscription Agreements 
on the Quartus Prime software download page.



+--------------------------------------------------------------------------------------+
; Analysis & Synthesis Summary                                                         ;
+------------------------------------+-------------------------------------------------+
; Analysis & Synthesis Status        ; Successful - Sun Oct  4 20:37:01 2026           ;
; Quartus Prime Version              ; 25.1std.0 Build 1129 10/21/2025 SC Lite Edition ;
; Revision Name                      ; BasicCPU                                        ;
; Top-level Entity Name              ; BasicCPU                                        ;
; Family                             ; MAX 10                                          ;
; Total logic elements               ; 0                                               ;
;     Total combinational functions  ; 0                                               ;
;     Dedicated logic registers      ; 0                                               ;
; Total registers                    ; 0                                               ;
; Total pins                         ; 39                                              ;
; Total virtual pins                 ; 0                                               ;
; Total memory bits                  ; 0                                               ;
; Embedded Multiplier 9-bit elements ; 0                                               ;
; Total PLLs                         ; 0                                               ;
; UFM blocks                         ; 0                                               ;
; ADC blocks                         ; 0                                               ;
+------------------------------------+-------------------------------------------------+


+------------------------------------------------------------------------------------------------------------+
; Analysis & Synthesis Settings                                                                              ;
+------------------------------------------------------------------+--------------------+--------------------+
; Option                                                           ; Setting            ; Default Value      ;
+------------------------------------------------------------------+--------------------+--------------------+
; Device                                                           ; 10M50DAF484C7G     ;                    ;
; Top-level entity name                                            ; BasicCPU           ; BasicCPU           ;
; Family name                                                      ; MAX 10             ; Cyclone V          ;
; Use smart compilation                                            ; Off                ; Off                ;
; Enable parallel Assembler and Timing Analyzer during compilation ; On                 ; On                 ;
; Enable compact report table                                      ; Off                ; Off                ;
; Restructure Multiplexers                                         ; Auto               ; Auto               ;
; Create Debugging Nodes for IP Cores                              ; Off                ; Off                ;
; Preserve fewer node names                                        ; On                 ; On                 ;
; Intel FPGA IP Evaluation Mode                                    ; Enable             ; Enable             ;
; Verilog Version                                                  ; Verilog_2001       ; Verilog_2001       ;
; VHDL Version                                                     ; VHDL_1993          ; VHDL_1993          ;
; State Machine Processing                                         ; Auto               ; Auto               ;
; Safe State Machine                                               ; Off                ; Off                ;
; Extract Verilog State Machines                                   ; On                 ; On                 ;
; Extract VHDL State Machines                                      ; On                 ; On                 ;
; Ignore Verilog initial constructs                                ; Off                ; Off                ;
; Iteration limit for constant Verilog loops                       ; 5000               ; 5000               ;
; Iteration limit for non-constant Verilog loops                   ; 250                ; 250                ;
; Add Pass-Through Logic to Inferred RAMs                          ; On                 ; On                 ;
; Infer RAMs from Raw Logic                                        ; On                 ; On                 ;
; Parallel Synthesis                                               ; On                 ; On                 ;
; DSP Block Balancing                                              ; Auto               ; Auto               ;
; NOT Gate Push-Back                                               ; On                 ; On                 ;
; Power-Up Don't Care                                              ; On                 ; On                 ;
; Remove Redundant Logic Cells                                     ; Off                ; Off                ;
; Remove Duplicate Registers                                       ; On                 ; On                 ;
; Ignore CARRY Buffers                                             ; Off                ; Off                ;
; Ignore CASCADE Buffers                                           ; Off                ; Off                ;
; Ignore GLOBAL Buffers                                            ; Off                ; Off                ;
; Ignore ROW GLOBAL Buffers                                        ; Off                ; Off                ;
; Ignore LCELL Buffers                                             ; Off                ; Off                ;
; Ignore SOFT Buffers                                              ; On                 ; On                 ;
; Limit AHDL Integers to 32 Bits                                   ; Off                ; Off                ;
; Optimization Technique                                           ; Balanced           ; Balanced           ;
; Carry Chain Length                                               ; 70                 ; 70                 ;
; Auto Carry Chains                                                ; On                 ; On                 ;
; Auto Open-Drain Pins                                             ; On                 ; On                 ;
; Perform WYSIWYG Primitive Resynthesis                            ; Off                ; Off                ;
; Auto ROM Replacement                                             ; On                 ; On                 ;
; Auto RAM Replacement                                             ; On                 ; On                 ;
; Auto DSP Block Replacement                                       ; On                 ; On                 ;
; Auto Shift Register Replacement                                  ; Auto               ; Auto               ;
; Allow Shift Register Merging across Hierarchies                  ; Auto               ; Auto               ;
; Auto Clock Enable Replacement                                    ; On                 ; On                 ;
; Strict RAM Replacement                                           ; Off                ; Off                ;
; Allow Synchronous Control Signals                                ; On                 ; On                 ;
; Force Use of Synchronous Clear Signals                           ; Off                ; Off                ;
; Auto RAM Block Balancing                                         ; On                 ; On                 ;
; Auto RAM to Logic Cell Conversion                                ; Off                ; Off                ;
; Auto Resource Sharing                                            ; Off                ; Off                ;
; Allow Any RAM Size For Recognition                               ; Off                ; Off                ;
; Allow Any ROM Size For Recognition                               ; Off                ; Off                ;
; Allow Any Shift Register Size For Recognition                    ; Off                ; Off                ;
; Use LogicLock Constraints during Resource Balancing              ; On                 ; On                 ;
; Ignore translate_off and synthesis_off directives                ; Off                ; Off                ;
; Timing-Driven Synthesis                                          ; On                 ; On                 ;
; Report Parameter Settings                                        ; On                 ; On                 ;
; Report Source Assignments                                        ; On                 ; On                 ;
; Report Connectivity Checks                                       ; On                 ; On                 ;
; Ignore Maximum Fan-Out Assignments                               ; Off                ; Off                ;
; Synchronization Register Chain Length                            ; 2                  ; 2                  ;
; Power Optimization During Synthesis                              ; Normal compilation ; Normal compilation ;
; HDL message level                                                ; Level2             ; Level2             ;
; Suppress Register Optimization Related Messages                  ; Off                ; Off                ;
; Number of Removed Registers Reported in Synthesis Report         ; 5000               ; 5000               ;
; Number of Swept Nodes Reported in Synthesis Report               ; 5000               ; 5000               ;
; Number of Inverted Registers Reported in Synthesis Report        ; 100                ; 100                ;
; Clock MUX Protection                                             ; On                 ; On                 ;
; Auto Gated Clock Conversion                                      ; Off                ; Off                ;
; Block Design Naming                                              ; Auto               ; Auto               ;
; SDC constraint protection                                        ; Off                ; Off                ;
; Synthesis Effort                                                 ; Auto               ; Auto               ;
; Shift Register Replacement - Allow Asynchronous Clear Signal     ; On                 ; On                 ;
; Pre-Mapping Resynthesis Optimization                             ; Off                ; Off                ;
; Analysis & Synthesis Message Level                               ; Medium             ; Medium             ;
; Disable Register Merging Across Hierarchies                      ; Auto               ; Auto               ;
; Resource Aware Inference For Block RAM                           ; On                 ; On                 ;
+------------------------------------------------------------------+--------------------+--------------------+


+------------------------------------------+
; Parallel Compilation                     ;
+----------------------------+-------------+
; Processors                 ; Number      ;
+----------------------------+-------------+
; Number detected on machine ; 20          ;
; Maximum allowed            ; 12          ;
;                            ;             ;
; Average used               ; 1.00        ;
; Maximum used               ; 1           ;
;                            ;             ;
; Usage by Processor         ; % Time Used ;
;     Processor 1            ; 100.0%      ;
+----------------------------+-------------+


+-----------------------------------------------------------------------------------------------------------------------------------------------------------------------------+
; Analysis & Synthesis Source Files Read                                                                                                                                      ;
+----------------------------------+-----------------+------------------------------------+-------------------------------------------------------------------------+---------+
; File Name with User-Entered Path ; Used in Netlist ; File Type                          ; File Name with Absolute Path                                            ; Library ;
+----------------------------------+-----------------+------------------------------------+-------------------------------------------------------------------------+---------+
; Memory/NbitDFF.vhd               ; yes             ; User VHDL File                     ; C:/Users/Chamk/Desktop/Repo/BasicCPU/Memory/NbitDFF.vhd                 ;         ;
; ControlUnit.vhd                  ; yes             ; User VHDL File                     ; C:/Users/Chamk/Desktop/Repo/BasicCPU/ControlUnit.vhd                    ;         ;
; Memory/ROM.vhd                   ; yes             ; User VHDL File                     ; C:/Users/Chamk/Desktop/Repo/BasicCPU/Memory/ROM.vhd                     ;         ;
; Memory/registers.vhd             ; yes             ; User VHDL File                     ; C:/Users/Chamk/Desktop/Repo/BasicCPU/Memory/registers.vhd               ;         ;
; Memory/NbitRegister.vhd          ; yes             ; User VHDL File                     ; C:/Users/Chamk/Desktop/Repo/BasicCPU/Memory/NbitRegister.vhd            ;         ;
; Memory/BitRegister2.vhd          ; yes             ; User VHDL File                     ; C:/Users/Chamk/Desktop/Repo/BasicCPU/Memory/BitRegister2.vhd            ;         ;
; Misc/NbitDEMUX.vhd               ; yes             ; User VHDL File                     ; C:/Users/Chamk/Desktop/Repo/BasicCPU/Misc/NbitDEMUX.vhd                 ;         ;
; Misc/Hex_To_7Seg.vhd             ; yes             ; User VHDL File                     ; C:/Users/Chamk/Desktop/Repo/BasicCPU/Misc/Hex_To_7Seg.vhd               ;         ;
; Misc/16bit2SSD.bdf               ; yes             ; User Block Diagram/Schematic File  ; C:/Users/Chamk/Desktop/Repo/BasicCPU/Misc/16bit2SSD.bdf                 ;         ;
; ALU.vhd                          ; yes             ; User VHDL File                     ; C:/Users/Chamk/Desktop/Repo/BasicCPU/ALU.vhd                            ;         ;
; Counter.vhd                      ; yes             ; User VHDL File                     ; C:/Users/Chamk/Desktop/Repo/BasicCPU/Counter.vhd                        ;         ;
; ProgramCounter.bdf               ; yes             ; User Block Diagram/Schematic File  ; C:/Users/Chamk/Desktop/Repo/BasicCPU/ProgramCounter.bdf                 ;         ;
; BasicCPU.bdf                     ; yes             ; User Block Diagram/Schematic File  ; C:/Users/Chamk/Desktop/Repo/BasicCPU/BasicCPU.bdf                       ;         ;
; NbitN_1MUX.vhd                   ; yes             ; User VHDL File                     ; C:/Users/Chamk/Desktop/Repo/BasicCPU/NbitN_1MUX.vhd                     ;         ;
; Memory/RAM.vhd                   ; yes             ; User VHDL File                     ; C:/Users/Chamk/Desktop/Repo/BasicCPU/Memory/RAM.vhd                     ;         ;
; Misc/16bitR.bdf                  ; yes             ; User Block Diagram/Schematic File  ; C:/Users/Chamk/Desktop/Repo/BasicCPU/Misc/16bitR.bdf                    ;         ;
; Memory/3bitPSR.bdf               ; yes             ; User Block Diagram/Schematic File  ; C:/Users/Chamk/Desktop/Repo/BasicCPU/Memory/3bitPSR.bdf                 ;         ;
; FwdSelUnit.vhd                   ; yes             ; User VHDL File                     ; C:/Users/Chamk/Desktop/Repo/BasicCPU/FwdSelUnit.vhd                     ;         ;
; CmpBranchUnit.vhd                ; yes             ; User VHDL File                     ; C:/Users/Chamk/Desktop/Repo/BasicCPU/CmpBranchUnit.vhd                  ;         ;
; Misc/12bitR.bdf                  ; yes             ; User Block Diagram/Schematic File  ; C:/Users/Chamk/Desktop/Repo/BasicCPU/Misc/12bitR.bdf                    ;         ;
; Memory/1bitBR.bdf                ; yes             ; User Block Diagram/Schematic File  ; C:/Users/Chamk/Desktop/Repo/BasicCPU/Memory/1bitBR.bdf                  ;         ;
; busmux.tdf                       ; yes             ; Megafunction                       ; c:/altera_lite/25.1std/quartus/libraries/megafunctions/busmux.tdf       ;         ;
; lpm_mux.inc                      ; yes             ; Megafunction                       ; c:/altera_lite/25.1std/quartus/libraries/megafunctions/lpm_mux.inc      ;         ;
; lpm_mux.tdf                      ; yes             ; Megafunction                       ; c:/altera_lite/25.1std/quartus/libraries/megafunctions/lpm_mux.tdf      ;         ;
; aglobal251.inc                   ; yes             ; Megafunction                       ; c:/altera_lite/25.1std/quartus/libraries/megafunctions/aglobal251.inc   ;         ;
; muxlut.inc                       ; yes             ; Megafunction                       ; c:/altera_lite/25.1std/quartus/libraries/megafunctions/muxlut.inc       ;         ;
; bypassff.inc                     ; yes             ; Megafunction                       ; c:/altera_lite/25.1std/quartus/libraries/megafunctions/bypassff.inc     ;         ;
; altshift.inc                     ; yes             ; Megafunction                       ; c:/altera_lite/25.1std/quartus/libraries/megafunctions/altshift.inc     ;         ;
; db/mux_06c.tdf                   ; yes             ; Auto-Generated Megafunction        ; C:/Users/Chamk/Desktop/Repo/BasicCPU/db/mux_06c.tdf                     ;         ;
; db/mux_j7c.tdf                   ; yes             ; Auto-Generated Megafunction        ; C:/Users/Chamk/Desktop/Repo/BasicCPU/db/mux_j7c.tdf                     ;         ;
; db/mux_56c.tdf                   ; yes             ; Auto-Generated Megafunction        ; C:/Users/Chamk/Desktop/Repo/BasicCPU/db/mux_56c.tdf                     ;         ;
; lpm_constant.tdf                 ; yes             ; Megafunction                       ; c:/altera_lite/25.1std/quartus/libraries/megafunctions/lpm_constant.tdf ;         ;
+----------------------------------+-----------------+------------------------------------+-------------------------------------------------------------------------+---------+


+--------------------------------------------------------------+
; Analysis & Synthesis Resource Usage Summary                  ;
+---------------------------------------------+----------------+
; Resource                                    ; Usage          ;
+---------------------------------------------+----------------+
;                                             ;                ;
; Total combinational functions               ; 0              ;
; Logic element usage by number of LUT inputs ;                ;
;     -- 4 input functions                    ; 0              ;
;     -- 3 input functions                    ; 0              ;
;     -- <=2 input functions                  ; 0              ;
;                                             ;                ;
; Logic elements by mode                      ;                ;
;     -- normal mode                          ; 0              ;
;     -- arithmetic mode                      ; 0              ;
;                                             ;                ;
; Total registers                             ; 0              ;
;     -- Dedicated logic registers            ; 0              ;
;     -- I/O registers                        ; 0              ;
;                                             ;                ;
; I/O pins                                    ; 39             ;
;                                             ;                ;
; Embedded Multiplier 9-bit elements          ; 0              ;
;                                             ;                ;
; Maximum fan-out node                        ; HEX0[6]~output ;
; Maximum fan-out                             ; 1              ;
; Total fan-out                               ; 39             ;
; Average fan-out                             ; 0.50           ;
+---------------------------------------------+----------------+


+------------------------------------------------------------------------------------------------------------------------------------------------------------------------------------------------------------------------------------+
; Analysis & Synthesis Resource Utilization by Entity                                                                                                                                                                                ;
+----------------------------+---------------------+---------------------------+-------------+------------+--------------+---------+-----------+------+--------------+------------+---------------------+-------------+--------------+
; Compilation Hierarchy Node ; Combinational ALUTs ; Dedicated Logic Registers ; Memory Bits ; UFM Blocks ; DSP Elements ; DSP 9x9 ; DSP 18x18 ; Pins ; Virtual Pins ; ADC blocks ; Full Hierarchy Name ; Entity Name ; Library Name ;
+----------------------------+---------------------+---------------------------+-------------+------------+--------------+---------+-----------+------+--------------+------------+---------------------+-------------+--------------+
; |BasicCPU                  ; 0 (0)               ; 0 (0)                     ; 0           ; 0          ; 0            ; 0       ; 0         ; 39   ; 0            ; 0          ; |BasicCPU           ; BasicCPU    ; work         ;
+----------------------------+---------------------+---------------------------+-------------+------------+--------------+---------+-----------+------+--------------+------------+---------------------+-------------+--------------+
Note: For table entries with two numbers listed, the numbers in parentheses indicate the number of resources of the given type used by the specific entity alone. The numbers listed outside of parentheses indicate the total resources of the given type used by the specific entity and all of its sub-entities in the hierarchy.


+---------------------------------------------------------------------------------------------------------------------------+
; Registers Removed During Synthesis                                                                                        ;
+-----------------------------------------------------------------------------+---------------------------------------------+
; Register name                                                               ; Reason for Removal                          ;
+-----------------------------------------------------------------------------+---------------------------------------------+
; 1bitBR:ExecuteOutSel|NbitRegister:inst1|BitRegister2:\ffmap:0:ffi|Q         ; Stuck at GND due to stuck port data_in      ;
; 1bitBR:ExecuteOutSel|NbitRegister:instantN|BitRegister2:\ffmap:0:ffi|Q      ; Stuck at GND due to stuck port data_in      ;
; 3bitPSR:inst28|NbitRegister:instantp|BitRegister2:\ffmap:2:ffi|Q            ; Stuck at GND due to stuck port data_in      ;
; 3bitPSR:inst28|NbitRegister:instantp|BitRegister2:\ffmap:0:ffi|Q            ; Stuck at GND due to stuck port data_in      ;
; 3bitPSR:inst28|NbitRegister:inst1|BitRegister2:\ffmap:2:ffi|Q               ; Stuck at GND due to stuck port data_in      ;
; 3bitPSR:inst28|NbitRegister:inst1|BitRegister2:\ffmap:0:ffi|Q               ; Stuck at GND due to stuck port data_in      ;
; 1bitBR:LoadWord|NbitRegister:inst1|BitRegister2:\ffmap:0:ffi|Q              ; Stuck at GND due to stuck port data_in      ;
; 1bitBR:LoadWord|NbitRegister:instantN|BitRegister2:\ffmap:0:ffi|Q           ; Stuck at GND due to stuck port data_in      ;
; 12bitR:Operands|NbitRegister:inst1|BitRegister2:\ffmap:11:ffi|Q             ; Stuck at GND due to stuck port clock        ;
; 12bitR:Operands|NbitRegister:inst1|BitRegister2:\ffmap:10:ffi|Q             ; Stuck at GND due to stuck port clock        ;
; 12bitR:Operands|NbitRegister:inst1|BitRegister2:\ffmap:9:ffi|Q              ; Stuck at GND due to stuck port clock        ;
; 12bitR:Operands|NbitRegister:inst1|BitRegister2:\ffmap:6:ffi|Q              ; Stuck at GND due to stuck port clock        ;
; 12bitR:Operands|NbitRegister:inst1|BitRegister2:\ffmap:5:ffi|Q              ; Stuck at GND due to stuck port clock        ;
; 12bitR:Operands|NbitRegister:inst1|BitRegister2:\ffmap:4:ffi|Q              ; Stuck at GND due to stuck port clock        ;
; 12bitR:Operands|NbitRegister:inst1|BitRegister2:\ffmap:3:ffi|Q              ; Stuck at GND due to stuck port clock        ;
; 12bitR:Operands|NbitRegister:inst1|BitRegister2:\ffmap:2:ffi|Q              ; Stuck at GND due to stuck port clock        ;
; 12bitR:Operands|NbitRegister:inst1|BitRegister2:\ffmap:1:ffi|Q              ; Stuck at GND due to stuck port clock        ;
; 12bitR:Operands|NbitRegister:inst1|BitRegister2:\ffmap:0:ffi|Q              ; Stuck at GND due to stuck port clock        ;
; 12bitR:Operands|NbitRegister:instas|BitRegister2:\ffmap:11:ffi|Q            ; Stuck at GND due to stuck port clock_enable ;
; 12bitR:Operands|NbitRegister:instas|BitRegister2:\ffmap:10:ffi|Q            ; Stuck at GND due to stuck port clock_enable ;
; 12bitR:Operands|NbitRegister:instas|BitRegister2:\ffmap:9:ffi|Q             ; Stuck at GND due to stuck port clock_enable ;
; 12bitR:Operands|NbitRegister:instas|BitRegister2:\ffmap:6:ffi|Q             ; Stuck at GND due to stuck port clock_enable ;
; 12bitR:Operands|NbitRegister:instas|BitRegister2:\ffmap:5:ffi|Q             ; Stuck at GND due to stuck port clock_enable ;
; 12bitR:Operands|NbitRegister:instas|BitRegister2:\ffmap:4:ffi|Q             ; Stuck at GND due to stuck port clock_enable ;
; 12bitR:Operands|NbitRegister:instas|BitRegister2:\ffmap:3:ffi|Q             ; Stuck at GND due to stuck port clock_enable ;
; 12bitR:Operands|NbitRegister:instas|BitRegister2:\ffmap:2:ffi|Q             ; Stuck at GND due to stuck port clock_enable ;
; 12bitR:Operands|NbitRegister:instas|BitRegister2:\ffmap:1:ffi|Q             ; Stuck at GND due to stuck port clock_enable ;
; 12bitR:Operands|NbitRegister:instas|BitRegister2:\ffmap:0:ffi|Q             ; Stuck at GND due to stuck port clock_enable ;
; 3bitPSR:deviceSelBuffer|NbitRegister:instantp|BitRegister2:\ffmap:2:ffi|Q   ; Stuck at GND due to stuck port data_in      ;
; 3bitPSR:deviceSelBuffer|NbitRegister:inst1|BitRegister2:\ffmap:2:ffi|Q      ; Stuck at GND due to stuck port data_in      ;
; 1bitBR:SsdEnable|NbitRegister:inst1|BitRegister2:\ffmap:0:ffi|Q             ; Stuck at GND due to stuck port data_in      ;
; 1bitBR:SsdEnable|NbitRegister:instantN|BitRegister2:\ffmap:0:ffi|Q          ; Stuck at GND due to stuck port data_in      ;
; NbitRegister:inst2|BitRegister2:\ffmap:15:ffi|Q                             ; Stuck at GND due to stuck port clock_enable ;
; NbitRegister:inst2|BitRegister2:\ffmap:14:ffi|Q                             ; Stuck at GND due to stuck port clock_enable ;
; NbitRegister:inst2|BitRegister2:\ffmap:13:ffi|Q                             ; Stuck at GND due to stuck port clock_enable ;
; NbitRegister:inst2|BitRegister2:\ffmap:12:ffi|Q                             ; Stuck at GND due to stuck port clock_enable ;
; NbitRegister:inst2|BitRegister2:\ffmap:11:ffi|Q                             ; Stuck at GND due to stuck port clock_enable ;
; NbitRegister:inst2|BitRegister2:\ffmap:10:ffi|Q                             ; Stuck at GND due to stuck port clock_enable ;
; NbitRegister:inst2|BitRegister2:\ffmap:9:ffi|Q                              ; Stuck at GND due to stuck port clock_enable ;
; NbitRegister:inst2|BitRegister2:\ffmap:8:ffi|Q                              ; Stuck at GND due to stuck port clock_enable ;
; NbitRegister:inst2|BitRegister2:\ffmap:7:ffi|Q                              ; Stuck at GND due to stuck port clock_enable ;
; NbitRegister:inst2|BitRegister2:\ffmap:6:ffi|Q                              ; Stuck at GND due to stuck port clock_enable ;
; NbitRegister:inst2|BitRegister2:\ffmap:5:ffi|Q                              ; Stuck at GND due to stuck port clock_enable ;
; NbitRegister:inst2|BitRegister2:\ffmap:4:ffi|Q                              ; Stuck at GND due to stuck port clock_enable ;
; NbitRegister:inst2|BitRegister2:\ffmap:3:ffi|Q                              ; Stuck at GND due to stuck port clock_enable ;
; NbitRegister:inst2|BitRegister2:\ffmap:2:ffi|Q                              ; Stuck at GND due to stuck port clock_enable ;
; NbitRegister:inst2|BitRegister2:\ffmap:1:ffi|Q                              ; Stuck at GND due to stuck port clock_enable ;
; NbitRegister:inst2|BitRegister2:\ffmap:0:ffi|Q                              ; Stuck at GND due to stuck port clock_enable ;
; 12bitR:imm12WB|NbitRegister:inst1|BitRegister2:\ffmap:11:ffi|Q              ; Stuck at GND due to stuck port data_in      ;
; 12bitR:imm12WB|NbitRegister:inst1|BitRegister2:\ffmap:10:ffi|Q              ; Stuck at GND due to stuck port data_in      ;
; 12bitR:imm12WB|NbitRegister:inst1|BitRegister2:\ffmap:9:ffi|Q               ; Stuck at GND due to stuck port data_in      ;
; 12bitR:imm12WB|NbitRegister:inst1|BitRegister2:\ffmap:6:ffi|Q               ; Stuck at GND due to stuck port data_in      ;
; 12bitR:imm12WB|NbitRegister:inst1|BitRegister2:\ffmap:5:ffi|Q               ; Stuck at GND due to stuck port data_in      ;
; 12bitR:imm12WB|NbitRegister:inst1|BitRegister2:\ffmap:4:ffi|Q               ; Stuck at GND due to stuck port data_in      ;
; 12bitR:imm12WB|NbitRegister:inst1|BitRegister2:\ffmap:3:ffi|Q               ; Stuck at GND due to stuck port data_in      ;
; 12bitR:imm12WB|NbitRegister:inst1|BitRegister2:\ffmap:2:ffi|Q               ; Stuck at GND due to stuck port data_in      ;
; 12bitR:imm12WB|NbitRegister:inst1|BitRegister2:\ffmap:1:ffi|Q               ; Stuck at GND due to stuck port data_in      ;
; 12bitR:imm12WB|NbitRegister:inst1|BitRegister2:\ffmap:0:ffi|Q               ; Stuck at GND due to stuck port data_in      ;
; 12bitR:imm12WB|NbitRegister:instas|BitRegister2:\ffmap:11:ffi|Q             ; Stuck at GND due to stuck port data_in      ;
; 12bitR:imm12WB|NbitRegister:instas|BitRegister2:\ffmap:10:ffi|Q             ; Stuck at GND due to stuck port data_in      ;
; 12bitR:imm12WB|NbitRegister:instas|BitRegister2:\ffmap:9:ffi|Q              ; Stuck at GND due to stuck port data_in      ;
; 12bitR:imm12WB|NbitRegister:instas|BitRegister2:\ffmap:6:ffi|Q              ; Stuck at GND due to stuck port data_in      ;
; 12bitR:imm12WB|NbitRegister:instas|BitRegister2:\ffmap:5:ffi|Q              ; Stuck at GND due to stuck port data_in      ;
; 12bitR:imm12WB|NbitRegister:instas|BitRegister2:\ffmap:4:ffi|Q              ; Stuck at GND due to stuck port data_in      ;
; 12bitR:imm12WB|NbitRegister:instas|BitRegister2:\ffmap:3:ffi|Q              ; Stuck at GND due to stuck port data_in      ;
; 12bitR:imm12WB|NbitRegister:instas|BitRegister2:\ffmap:2:ffi|Q              ; Stuck at GND due to stuck port data_in      ;
; 12bitR:imm12WB|NbitRegister:instas|BitRegister2:\ffmap:1:ffi|Q              ; Stuck at GND due to stuck port data_in      ;
; 12bitR:imm12WB|NbitRegister:instas|BitRegister2:\ffmap:0:ffi|Q              ; Stuck at GND due to stuck port data_in      ;
; 1bitBR:SwSelBuffer|NbitRegister:inst1|BitRegister2:\ffmap:0:ffi|Q           ; Stuck at GND due to stuck port data_in      ;
; 1bitBR:SwSelBuffer|NbitRegister:instantN|BitRegister2:\ffmap:0:ffi|Q        ; Stuck at GND due to stuck port data_in      ;
; REGISTERS:inst3|NbitRegister:\registe:7:regi|BitRegister2:\ffmap:15:ffi|Q   ; Stuck at GND due to stuck port clock_enable ;
; REGISTERS:inst3|NbitRegister:\registe:7:regi|BitRegister2:\ffmap:14:ffi|Q   ; Stuck at GND due to stuck port clock_enable ;
; REGISTERS:inst3|NbitRegister:\registe:7:regi|BitRegister2:\ffmap:13:ffi|Q   ; Stuck at GND due to stuck port clock_enable ;
; REGISTERS:inst3|NbitRegister:\registe:7:regi|BitRegister2:\ffmap:12:ffi|Q   ; Stuck at GND due to stuck port clock_enable ;
; REGISTERS:inst3|NbitRegister:\registe:7:regi|BitRegister2:\ffmap:11:ffi|Q   ; Stuck at GND due to stuck port clock_enable ;
; REGISTERS:inst3|NbitRegister:\registe:7:regi|BitRegister2:\ffmap:10:ffi|Q   ; Stuck at GND due to stuck port clock_enable ;
; REGISTERS:inst3|NbitRegister:\registe:7:regi|BitRegister2:\ffmap:9:ffi|Q    ; Stuck at GND due to stuck port clock_enable ;
; REGISTERS:inst3|NbitRegister:\registe:7:regi|BitRegister2:\ffmap:8:ffi|Q    ; Stuck at GND due to stuck port clock_enable ;
; REGISTERS:inst3|NbitRegister:\registe:7:regi|BitRegister2:\ffmap:7:ffi|Q    ; Stuck at GND due to stuck port clock_enable ;
; REGISTERS:inst3|NbitRegister:\registe:7:regi|BitRegister2:\ffmap:6:ffi|Q    ; Stuck at GND due to stuck port clock_enable ;
; REGISTERS:inst3|NbitRegister:\registe:7:regi|BitRegister2:\ffmap:5:ffi|Q    ; Stuck at GND due to stuck port clock_enable ;
; REGISTERS:inst3|NbitRegister:\registe:7:regi|BitRegister2:\ffmap:4:ffi|Q    ; Stuck at GND due to stuck port clock_enable ;
; REGISTERS:inst3|NbitRegister:\registe:7:regi|BitRegister2:\ffmap:3:ffi|Q    ; Stuck at GND due to stuck port clock_enable ;
; REGISTERS:inst3|NbitRegister:\registe:7:regi|BitRegister2:\ffmap:2:ffi|Q    ; Stuck at GND due to stuck port clock_enable ;
; REGISTERS:inst3|NbitRegister:\registe:7:regi|BitRegister2:\ffmap:1:ffi|Q    ; Stuck at GND due to stuck port clock_enable ;
; REGISTERS:inst3|NbitRegister:\registe:7:regi|BitRegister2:\ffmap:0:ffi|Q    ; Stuck at GND due to stuck port clock_enable ;
; REGISTERS:inst3|NbitRegister:\registe:6:regi|BitRegister2:\ffmap:15:ffi|Q   ; Stuck at GND due to stuck port clock_enable ;
; REGISTERS:inst3|NbitRegister:\registe:6:regi|BitRegister2:\ffmap:14:ffi|Q   ; Stuck at GND due to stuck port clock_enable ;
; REGISTERS:inst3|NbitRegister:\registe:6:regi|BitRegister2:\ffmap:13:ffi|Q   ; Stuck at GND due to stuck port clock_enable ;
; REGISTERS:inst3|NbitRegister:\registe:6:regi|BitRegister2:\ffmap:12:ffi|Q   ; Stuck at GND due to stuck port clock_enable ;
; REGISTERS:inst3|NbitRegister:\registe:6:regi|BitRegister2:\ffmap:11:ffi|Q   ; Stuck at GND due to stuck port clock_enable ;
; REGISTERS:inst3|NbitRegister:\registe:6:regi|BitRegister2:\ffmap:10:ffi|Q   ; Stuck at GND due to stuck port clock_enable ;
; REGISTERS:inst3|NbitRegister:\registe:6:regi|BitRegister2:\ffmap:9:ffi|Q    ; Stuck at GND due to stuck port clock_enable ;
; REGISTERS:inst3|NbitRegister:\registe:6:regi|BitRegister2:\ffmap:8:ffi|Q    ; Stuck at GND due to stuck port clock_enable ;
; REGISTERS:inst3|NbitRegister:\registe:6:regi|BitRegister2:\ffmap:7:ffi|Q    ; Stuck at GND due to stuck port clock_enable ;
; REGISTERS:inst3|NbitRegister:\registe:6:regi|BitRegister2:\ffmap:6:ffi|Q    ; Stuck at GND due to stuck port clock_enable ;
; REGISTERS:inst3|NbitRegister:\registe:6:regi|BitRegister2:\ffmap:5:ffi|Q    ; Stuck at GND due to stuck port clock_enable ;
; REGISTERS:inst3|NbitRegister:\registe:6:regi|BitRegister2:\ffmap:4:ffi|Q    ; Stuck at GND due to stuck port clock_enable ;
; REGISTERS:inst3|NbitRegister:\registe:6:regi|BitRegister2:\ffmap:3:ffi|Q    ; Stuck at GND due to stuck port clock_enable ;
; REGISTERS:inst3|NbitRegister:\registe:6:regi|BitRegister2:\ffmap:2:ffi|Q    ; Stuck at GND due to stuck port clock_enable ;
; REGISTERS:inst3|NbitRegister:\registe:6:regi|BitRegister2:\ffmap:1:ffi|Q    ; Stuck at GND due to stuck port clock_enable ;
; REGISTERS:inst3|NbitRegister:\registe:6:regi|BitRegister2:\ffmap:0:ffi|Q    ; Stuck at GND due to stuck port clock_enable ;
; REGISTERS:inst3|NbitRegister:\registe:5:regi|BitRegister2:\ffmap:15:ffi|Q   ; Stuck at GND due to stuck port clock_enable ;
; REGISTERS:inst3|NbitRegister:\registe:5:regi|BitRegister2:\ffmap:14:ffi|Q   ; Stuck at GND due to stuck port clock_enable ;
; REGISTERS:inst3|NbitRegister:\registe:5:regi|BitRegister2:\ffmap:13:ffi|Q   ; Stuck at GND due to stuck port clock_enable ;
; REGISTERS:inst3|NbitRegister:\registe:5:regi|BitRegister2:\ffmap:12:ffi|Q   ; Stuck at GND due to stuck port clock_enable ;
; REGISTERS:inst3|NbitRegister:\registe:5:regi|BitRegister2:\ffmap:11:ffi|Q   ; Stuck at GND due to stuck port clock_enable ;
; REGISTERS:inst3|NbitRegister:\registe:5:regi|BitRegister2:\ffmap:10:ffi|Q   ; Stuck at GND due to stuck port clock_enable ;
; REGISTERS:inst3|NbitRegister:\registe:5:regi|BitRegister2:\ffmap:9:ffi|Q    ; Stuck at GND due to stuck port clock_enable ;
; REGISTERS:inst3|NbitRegister:\registe:5:regi|BitRegister2:\ffmap:8:ffi|Q    ; Stuck at GND due to stuck port clock_enable ;
; REGISTERS:inst3|NbitRegister:\registe:5:regi|BitRegister2:\ffmap:7:ffi|Q    ; Stuck at GND due to stuck port clock_enable ;
; REGISTERS:inst3|NbitRegister:\registe:5:regi|BitRegister2:\ffmap:6:ffi|Q    ; Stuck at GND due to stuck port clock_enable ;
; REGISTERS:inst3|NbitRegister:\registe:5:regi|BitRegister2:\ffmap:5:ffi|Q    ; Stuck at GND due to stuck port clock_enable ;
; REGISTERS:inst3|NbitRegister:\registe:5:regi|BitRegister2:\ffmap:4:ffi|Q    ; Stuck at GND due to stuck port clock_enable ;
; REGISTERS:inst3|NbitRegister:\registe:5:regi|BitRegister2:\ffmap:3:ffi|Q    ; Stuck at GND due to stuck port clock_enable ;
; REGISTERS:inst3|NbitRegister:\registe:5:regi|BitRegister2:\ffmap:2:ffi|Q    ; Stuck at GND due to stuck port clock_enable ;
; REGISTERS:inst3|NbitRegister:\registe:5:regi|BitRegister2:\ffmap:1:ffi|Q    ; Stuck at GND due to stuck port clock_enable ;
; REGISTERS:inst3|NbitRegister:\registe:5:regi|BitRegister2:\ffmap:0:ffi|Q    ; Stuck at GND due to stuck port clock_enable ;
; REGISTERS:inst3|NbitRegister:\registe:4:regi|BitRegister2:\ffmap:15:ffi|Q   ; Stuck at GND due to stuck port clock_enable ;
; REGISTERS:inst3|NbitRegister:\registe:4:regi|BitRegister2:\ffmap:14:ffi|Q   ; Stuck at GND due to stuck port clock_enable ;
; REGISTERS:inst3|NbitRegister:\registe:4:regi|BitRegister2:\ffmap:13:ffi|Q   ; Stuck at GND due to stuck port clock_enable ;
; REGISTERS:inst3|NbitRegister:\registe:4:regi|BitRegister2:\ffmap:12:ffi|Q   ; Stuck at GND due to stuck port clock_enable ;
; REGISTERS:inst3|NbitRegister:\registe:4:regi|BitRegister2:\ffmap:11:ffi|Q   ; Stuck at GND due to stuck port clock_enable ;
; REGISTERS:inst3|NbitRegister:\registe:4:regi|BitRegister2:\ffmap:10:ffi|Q   ; Stuck at GND due to stuck port clock_enable ;
; REGISTERS:inst3|NbitRegister:\registe:4:regi|BitRegister2:\ffmap:9:ffi|Q    ; Stuck at GND due to stuck port clock_enable ;
; REGISTERS:inst3|NbitRegister:\registe:4:regi|BitRegister2:\ffmap:8:ffi|Q    ; Stuck at GND due to stuck port clock_enable ;
; REGISTERS:inst3|NbitRegister:\registe:4:regi|BitRegister2:\ffmap:7:ffi|Q    ; Stuck at GND due to stuck port clock_enable ;
; REGISTERS:inst3|NbitRegister:\registe:4:regi|BitRegister2:\ffmap:6:ffi|Q    ; Stuck at GND due to stuck port clock_enable ;
; REGISTERS:inst3|NbitRegister:\registe:4:regi|BitRegister2:\ffmap:5:ffi|Q    ; Stuck at GND due to stuck port clock_enable ;
; REGISTERS:inst3|NbitRegister:\registe:4:regi|BitRegister2:\ffmap:4:ffi|Q    ; Stuck at GND due to stuck port clock_enable ;
; REGISTERS:inst3|NbitRegister:\registe:4:regi|BitRegister2:\ffmap:3:ffi|Q    ; Stuck at GND due to stuck port clock_enable ;
; REGISTERS:inst3|NbitRegister:\registe:4:regi|BitRegister2:\ffmap:2:ffi|Q    ; Stuck at GND due to stuck port clock_enable ;
; REGISTERS:inst3|NbitRegister:\registe:4:regi|BitRegister2:\ffmap:1:ffi|Q    ; Stuck at GND due to stuck port clock_enable ;
; REGISTERS:inst3|NbitRegister:\registe:4:regi|BitRegister2:\ffmap:0:ffi|Q    ; Stuck at GND due to stuck port clock_enable ;
; REGISTERS:inst3|NbitRegister:\registe:3:regi|BitRegister2:\ffmap:15:ffi|Q   ; Stuck at GND due to stuck port clock_enable ;
; REGISTERS:inst3|NbitRegister:\registe:3:regi|BitRegister2:\ffmap:14:ffi|Q   ; Stuck at GND due to stuck port clock_enable ;
; REGISTERS:inst3|NbitRegister:\registe:3:regi|BitRegister2:\ffmap:13:ffi|Q   ; Stuck at GND due to stuck port clock_enable ;
; REGISTERS:inst3|NbitRegister:\registe:3:regi|BitRegister2:\ffmap:12:ffi|Q   ; Stuck at GND due to stuck port clock_enable ;
; REGISTERS:inst3|NbitRegister:\registe:3:regi|BitRegister2:\ffmap:11:ffi|Q   ; Stuck at GND due to stuck port clock_enable ;
; REGISTERS:inst3|NbitRegister:\registe:3:regi|BitRegister2:\ffmap:10:ffi|Q   ; Stuck at GND due to stuck port clock_enable ;
; REGISTERS:inst3|NbitRegister:\registe:3:regi|BitRegister2:\ffmap:9:ffi|Q    ; Stuck at GND due to stuck port clock_enable ;
; REGISTERS:inst3|NbitRegister:\registe:3:regi|BitRegister2:\ffmap:8:ffi|Q    ; Stuck at GND due to stuck port clock_enable ;
; REGISTERS:inst3|NbitRegister:\registe:3:regi|BitRegister2:\ffmap:7:ffi|Q    ; Stuck at GND due to stuck port clock_enable ;
; REGISTERS:inst3|NbitRegister:\registe:3:regi|BitRegister2:\ffmap:6:ffi|Q    ; Stuck at GND due to stuck port clock_enable ;
; REGISTERS:inst3|NbitRegister:\registe:3:regi|BitRegister2:\ffmap:5:ffi|Q    ; Stuck at GND due to stuck port clock_enable ;
; REGISTERS:inst3|NbitRegister:\registe:3:regi|BitRegister2:\ffmap:4:ffi|Q    ; Stuck at GND due to stuck port clock_enable ;
; REGISTERS:inst3|NbitRegister:\registe:3:regi|BitRegister2:\ffmap:3:ffi|Q    ; Stuck at GND due to stuck port clock_enable ;
; REGISTERS:inst3|NbitRegister:\registe:3:regi|BitRegister2:\ffmap:2:ffi|Q    ; Stuck at GND due to stuck port clock_enable ;
; REGISTERS:inst3|NbitRegister:\registe:3:regi|BitRegister2:\ffmap:1:ffi|Q    ; Stuck at GND due to stuck port clock_enable ;
; REGISTERS:inst3|NbitRegister:\registe:3:regi|BitRegister2:\ffmap:0:ffi|Q    ; Stuck at GND due to stuck port clock_enable ;
; REGISTERS:inst3|NbitRegister:\registe:2:regi|BitRegister2:\ffmap:15:ffi|Q   ; Stuck at GND due to stuck port clock_enable ;
; REGISTERS:inst3|NbitRegister:\registe:2:regi|BitRegister2:\ffmap:14:ffi|Q   ; Stuck at GND due to stuck port clock_enable ;
; REGISTERS:inst3|NbitRegister:\registe:2:regi|BitRegister2:\ffmap:13:ffi|Q   ; Stuck at GND due to stuck port clock_enable ;
; REGISTERS:inst3|NbitRegister:\registe:2:regi|BitRegister2:\ffmap:12:ffi|Q   ; Stuck at GND due to stuck port clock_enable ;
; REGISTERS:inst3|NbitRegister:\registe:2:regi|BitRegister2:\ffmap:11:ffi|Q   ; Stuck at GND due to stuck port clock_enable ;
; REGISTERS:inst3|NbitRegister:\registe:2:regi|BitRegister2:\ffmap:10:ffi|Q   ; Stuck at GND due to stuck port clock_enable ;
; REGISTERS:inst3|NbitRegister:\registe:2:regi|BitRegister2:\ffmap:9:ffi|Q    ; Stuck at GND due to stuck port clock_enable ;
; REGISTERS:inst3|NbitRegister:\registe:2:regi|BitRegister2:\ffmap:8:ffi|Q    ; Stuck at GND due to stuck port clock_enable ;
; REGISTERS:inst3|NbitRegister:\registe:2:regi|BitRegister2:\ffmap:7:ffi|Q    ; Stuck at GND due to stuck port clock_enable ;
; REGISTERS:inst3|NbitRegister:\registe:2:regi|BitRegister2:\ffmap:6:ffi|Q    ; Stuck at GND due to stuck port clock_enable ;
; REGISTERS:inst3|NbitRegister:\registe:2:regi|BitRegister2:\ffmap:5:ffi|Q    ; Stuck at GND due to stuck port clock_enable ;
; REGISTERS:inst3|NbitRegister:\registe:2:regi|BitRegister2:\ffmap:4:ffi|Q    ; Stuck at GND due to stuck port clock_enable ;
; REGISTERS:inst3|NbitRegister:\registe:2:regi|BitRegister2:\ffmap:3:ffi|Q    ; Stuck at GND due to stuck port clock_enable ;
; REGISTERS:inst3|NbitRegister:\registe:2:regi|BitRegister2:\ffmap:2:ffi|Q    ; Stuck at GND due to stuck port clock_enable ;
; REGISTERS:inst3|NbitRegister:\registe:2:regi|BitRegister2:\ffmap:1:ffi|Q    ; Stuck at GND due to stuck port clock_enable ;
; REGISTERS:inst3|NbitRegister:\registe:2:regi|BitRegister2:\ffmap:0:ffi|Q    ; Stuck at GND due to stuck port clock_enable ;
; REGISTERS:inst3|NbitRegister:\registe:1:regi|BitRegister2:\ffmap:15:ffi|Q   ; Stuck at GND due to stuck port clock_enable ;
; REGISTERS:inst3|NbitRegister:\registe:1:regi|BitRegister2:\ffmap:14:ffi|Q   ; Stuck at GND due to stuck port clock_enable ;
; REGISTERS:inst3|NbitRegister:\registe:1:regi|BitRegister2:\ffmap:13:ffi|Q   ; Stuck at GND due to stuck port clock_enable ;
; REGISTERS:inst3|NbitRegister:\registe:1:regi|BitRegister2:\ffmap:12:ffi|Q   ; Stuck at GND due to stuck port clock_enable ;
; REGISTERS:inst3|NbitRegister:\registe:1:regi|BitRegister2:\ffmap:11:ffi|Q   ; Stuck at GND due to stuck port clock_enable ;
; REGISTERS:inst3|NbitRegister:\registe:1:regi|BitRegister2:\ffmap:10:ffi|Q   ; Stuck at GND due to stuck port clock_enable ;
; REGISTERS:inst3|NbitRegister:\registe:1:regi|BitRegister2:\ffmap:9:ffi|Q    ; Stuck at GND due to stuck port clock_enable ;
; REGISTERS:inst3|NbitRegister:\registe:1:regi|BitRegister2:\ffmap:8:ffi|Q    ; Stuck at GND due to stuck port clock_enable ;
; REGISTERS:inst3|NbitRegister:\registe:1:regi|BitRegister2:\ffmap:7:ffi|Q    ; Stuck at GND due to stuck port clock_enable ;
; REGISTERS:inst3|NbitRegister:\registe:1:regi|BitRegister2:\ffmap:6:ffi|Q    ; Stuck at GND due to stuck port clock_enable ;
; REGISTERS:inst3|NbitRegister:\registe:1:regi|BitRegister2:\ffmap:5:ffi|Q    ; Stuck at GND due to stuck port clock_enable ;
; REGISTERS:inst3|NbitRegister:\registe:1:regi|BitRegister2:\ffmap:4:ffi|Q    ; Stuck at GND due to stuck port clock_enable ;
; REGISTERS:inst3|NbitRegister:\registe:1:regi|BitRegister2:\ffmap:3:ffi|Q    ; Stuck at GND due to stuck port clock_enable ;
; REGISTERS:inst3|NbitRegister:\registe:1:regi|BitRegister2:\ffmap:2:ffi|Q    ; Stuck at GND due to stuck port clock_enable ;
; REGISTERS:inst3|NbitRegister:\registe:1:regi|BitRegister2:\ffmap:1:ffi|Q    ; Stuck at GND due to stuck port clock_enable ;
; REGISTERS:inst3|NbitRegister:\registe:1:regi|BitRegister2:\ffmap:0:ffi|Q    ; Stuck at GND due to stuck port clock_enable ;
; 16bitR:Imm16WB|NbitRegister:inst1|BitRegister2:\ffmap:15:ffi|Q              ; Lost fanout                                 ;
; 16bitR:Imm16WB|NbitRegister:inst1|BitRegister2:\ffmap:14:ffi|Q              ; Lost fanout                                 ;
; 16bitR:Imm16WB|NbitRegister:inst1|BitRegister2:\ffmap:13:ffi|Q              ; Lost fanout                                 ;
; 16bitR:Imm16WB|NbitRegister:inst1|BitRegister2:\ffmap:12:ffi|Q              ; Lost fanout                                 ;
; 16bitR:Imm16WB|NbitRegister:inst1|BitRegister2:\ffmap:11:ffi|Q              ; Lost fanout                                 ;
; 16bitR:Imm16WB|NbitRegister:inst1|BitRegister2:\ffmap:10:ffi|Q              ; Lost fanout                                 ;
; 16bitR:Imm16WB|NbitRegister:inst1|BitRegister2:\ffmap:9:ffi|Q               ; Lost fanout                                 ;
; 16bitR:Imm16WB|NbitRegister:inst1|BitRegister2:\ffmap:8:ffi|Q               ; Lost fanout                                 ;
; 16bitR:Imm16WB|NbitRegister:inst1|BitRegister2:\ffmap:7:ffi|Q               ; Lost fanout                                 ;
; 16bitR:Imm16WB|NbitRegister:inst1|BitRegister2:\ffmap:6:ffi|Q               ; Lost fanout                                 ;
; 16bitR:Imm16WB|NbitRegister:inst1|BitRegister2:\ffmap:5:ffi|Q               ; Lost fanout                                 ;
; 16bitR:Imm16WB|NbitRegister:inst1|BitRegister2:\ffmap:4:ffi|Q               ; Lost fanout                                 ;
; 16bitR:Imm16WB|NbitRegister:inst1|BitRegister2:\ffmap:3:ffi|Q               ; Lost fanout                                 ;
; 16bitR:Imm16WB|NbitRegister:inst1|BitRegister2:\ffmap:2:ffi|Q               ; Lost fanout                                 ;
; 16bitR:Imm16WB|NbitRegister:inst1|BitRegister2:\ffmap:1:ffi|Q               ; Lost fanout                                 ;
; 16bitR:Imm16WB|NbitRegister:inst1|BitRegister2:\ffmap:0:ffi|Q               ; Lost fanout                                 ;
; 16bitR:Imm16WB|NbitRegister:inste|BitRegister2:\ffmap:15:ffi|Q              ; Lost fanout                                 ;
; 16bitR:Imm16WB|NbitRegister:inste|BitRegister2:\ffmap:14:ffi|Q              ; Lost fanout                                 ;
; 16bitR:Imm16WB|NbitRegister:inste|BitRegister2:\ffmap:13:ffi|Q              ; Lost fanout                                 ;
; 16bitR:Imm16WB|NbitRegister:inste|BitRegister2:\ffmap:12:ffi|Q              ; Lost fanout                                 ;
; 16bitR:Imm16WB|NbitRegister:inste|BitRegister2:\ffmap:11:ffi|Q              ; Lost fanout                                 ;
; 16bitR:Imm16WB|NbitRegister:inste|BitRegister2:\ffmap:10:ffi|Q              ; Lost fanout                                 ;
; 16bitR:Imm16WB|NbitRegister:inste|BitRegister2:\ffmap:9:ffi|Q               ; Lost fanout                                 ;
; 16bitR:Imm16WB|NbitRegister:inste|BitRegister2:\ffmap:8:ffi|Q               ; Lost fanout                                 ;
; 16bitR:Imm16WB|NbitRegister:inste|BitRegister2:\ffmap:7:ffi|Q               ; Lost fanout                                 ;
; 16bitR:Imm16WB|NbitRegister:inste|BitRegister2:\ffmap:6:ffi|Q               ; Lost fanout                                 ;
; 16bitR:Imm16WB|NbitRegister:inste|BitRegister2:\ffmap:5:ffi|Q               ; Lost fanout                                 ;
; 16bitR:Imm16WB|NbitRegister:inste|BitRegister2:\ffmap:4:ffi|Q               ; Lost fanout                                 ;
; 16bitR:Imm16WB|NbitRegister:inste|BitRegister2:\ffmap:3:ffi|Q               ; Lost fanout                                 ;
; 16bitR:Imm16WB|NbitRegister:inste|BitRegister2:\ffmap:2:ffi|Q               ; Lost fanout                                 ;
; 16bitR:Imm16WB|NbitRegister:inste|BitRegister2:\ffmap:1:ffi|Q               ; Lost fanout                                 ;
; 16bitR:Imm16WB|NbitRegister:inste|BitRegister2:\ffmap:0:ffi|Q               ; Lost fanout                                 ;
; 1bitBR:MemoryWEnable|NbitRegister:inst1|BitRegister2:\ffmap:0:ffi|Q         ; Lost fanout                                 ;
; 1bitBR:MemoryWEnable|NbitRegister:instantN|BitRegister2:\ffmap:0:ffi|Q      ; Lost fanout                                 ;
; RAM:ProgramMemory|DOUT[0..15]                                               ; Lost fanout                                 ;
; 16bitR:ImmediateRegister|NbitRegister:inst1|BitRegister2:\ffmap:15:ffi|Q    ; Lost fanout                                 ;
; 16bitR:ImmediateRegister|NbitRegister:inst1|BitRegister2:\ffmap:14:ffi|Q    ; Lost fanout                                 ;
; 16bitR:ImmediateRegister|NbitRegister:inst1|BitRegister2:\ffmap:13:ffi|Q    ; Lost fanout                                 ;
; 16bitR:ImmediateRegister|NbitRegister:inst1|BitRegister2:\ffmap:12:ffi|Q    ; Lost fanout                                 ;
; 16bitR:ImmediateRegister|NbitRegister:inst1|BitRegister2:\ffmap:11:ffi|Q    ; Lost fanout                                 ;
; 16bitR:ImmediateRegister|NbitRegister:inst1|BitRegister2:\ffmap:10:ffi|Q    ; Lost fanout                                 ;
; 16bitR:ImmediateRegister|NbitRegister:inst1|BitRegister2:\ffmap:9:ffi|Q     ; Lost fanout                                 ;
; 16bitR:ImmediateRegister|NbitRegister:inst1|BitRegister2:\ffmap:8:ffi|Q     ; Lost fanout                                 ;
; 16bitR:ImmediateRegister|NbitRegister:inst1|BitRegister2:\ffmap:7:ffi|Q     ; Lost fanout                                 ;
; 16bitR:ImmediateRegister|NbitRegister:inst1|BitRegister2:\ffmap:6:ffi|Q     ; Lost fanout                                 ;
; 16bitR:ImmediateRegister|NbitRegister:inst1|BitRegister2:\ffmap:5:ffi|Q     ; Lost fanout                                 ;
; 16bitR:ImmediateRegister|NbitRegister:inst1|BitRegister2:\ffmap:4:ffi|Q     ; Lost fanout                                 ;
; 16bitR:ImmediateRegister|NbitRegister:inst1|BitRegister2:\ffmap:3:ffi|Q     ; Lost fanout                                 ;
; 16bitR:ImmediateRegister|NbitRegister:inst1|BitRegister2:\ffmap:2:ffi|Q     ; Lost fanout                                 ;
; 16bitR:ImmediateRegister|NbitRegister:inst1|BitRegister2:\ffmap:1:ffi|Q     ; Lost fanout                                 ;
; 16bitR:ImmediateRegister|NbitRegister:inst1|BitRegister2:\ffmap:0:ffi|Q     ; Lost fanout                                 ;
; 16bitR:ImmediateRegister|NbitRegister:inste|BitRegister2:\ffmap:15:ffi|Q    ; Lost fanout                                 ;
; 16bitR:ImmediateRegister|NbitRegister:inste|BitRegister2:\ffmap:14:ffi|Q    ; Lost fanout                                 ;
; 16bitR:ImmediateRegister|NbitRegister:inste|BitRegister2:\ffmap:13:ffi|Q    ; Lost fanout                                 ;
; 16bitR:ImmediateRegister|NbitRegister:inste|BitRegister2:\ffmap:12:ffi|Q    ; Lost fanout                                 ;
; 16bitR:ImmediateRegister|NbitRegister:inste|BitRegister2:\ffmap:11:ffi|Q    ; Lost fanout                                 ;
; 16bitR:ImmediateRegister|NbitRegister:inste|BitRegister2:\ffmap:10:ffi|Q    ; Lost fanout                                 ;
; 16bitR:ImmediateRegister|NbitRegister:inste|BitRegister2:\ffmap:9:ffi|Q     ; Lost fanout                                 ;
; 16bitR:ImmediateRegister|NbitRegister:inste|BitRegister2:\ffmap:8:ffi|Q     ; Lost fanout                                 ;
; 16bitR:ImmediateRegister|NbitRegister:inste|BitRegister2:\ffmap:7:ffi|Q     ; Lost fanout                                 ;
; 16bitR:ImmediateRegister|NbitRegister:inste|BitRegister2:\ffmap:6:ffi|Q     ; Lost fanout                                 ;
; 16bitR:ImmediateRegister|NbitRegister:inste|BitRegister2:\ffmap:5:ffi|Q     ; Lost fanout                                 ;
; 16bitR:ImmediateRegister|NbitRegister:inste|BitRegister2:\ffmap:4:ffi|Q     ; Lost fanout                                 ;
; 16bitR:ImmediateRegister|NbitRegister:inste|BitRegister2:\ffmap:3:ffi|Q     ; Lost fanout                                 ;
; 16bitR:ImmediateRegister|NbitRegister:inste|BitRegister2:\ffmap:2:ffi|Q     ; Lost fanout                                 ;
; 16bitR:ImmediateRegister|NbitRegister:inste|BitRegister2:\ffmap:1:ffi|Q     ; Lost fanout                                 ;
; 16bitR:ImmediateRegister|NbitRegister:inste|BitRegister2:\ffmap:0:ffi|Q     ; Lost fanout                                 ;
; 16bitR:ImmediateEX|NbitRegister:inst1|BitRegister2:\ffmap:15:ffi|Q          ; Lost fanout                                 ;
; 16bitR:ImmediateEX|NbitRegister:inst1|BitRegister2:\ffmap:14:ffi|Q          ; Lost fanout                                 ;
; 16bitR:ImmediateEX|NbitRegister:inst1|BitRegister2:\ffmap:13:ffi|Q          ; Lost fanout                                 ;
; 16bitR:ImmediateEX|NbitRegister:inst1|BitRegister2:\ffmap:12:ffi|Q          ; Lost fanout                                 ;
; 16bitR:ImmediateEX|NbitRegister:inst1|BitRegister2:\ffmap:11:ffi|Q          ; Lost fanout                                 ;
; 16bitR:ImmediateEX|NbitRegister:inst1|BitRegister2:\ffmap:10:ffi|Q          ; Lost fanout                                 ;
; 16bitR:ImmediateEX|NbitRegister:inst1|BitRegister2:\ffmap:9:ffi|Q           ; Lost fanout                                 ;
; 16bitR:ImmediateEX|NbitRegister:inst1|BitRegister2:\ffmap:8:ffi|Q           ; Lost fanout                                 ;
; 16bitR:ImmediateEX|NbitRegister:inst1|BitRegister2:\ffmap:7:ffi|Q           ; Lost fanout                                 ;
; 16bitR:ImmediateEX|NbitRegister:inst1|BitRegister2:\ffmap:6:ffi|Q           ; Lost fanout                                 ;
; 16bitR:ImmediateEX|NbitRegister:inst1|BitRegister2:\ffmap:5:ffi|Q           ; Lost fanout                                 ;
; 16bitR:ImmediateEX|NbitRegister:inst1|BitRegister2:\ffmap:4:ffi|Q           ; Lost fanout                                 ;
; 16bitR:ImmediateEX|NbitRegister:inst1|BitRegister2:\ffmap:3:ffi|Q           ; Lost fanout                                 ;
; 16bitR:ImmediateEX|NbitRegister:inst1|BitRegister2:\ffmap:2:ffi|Q           ; Lost fanout                                 ;
; 16bitR:ImmediateEX|NbitRegister:inst1|BitRegister2:\ffmap:1:ffi|Q           ; Lost fanout                                 ;
; 16bitR:ImmediateEX|NbitRegister:inst1|BitRegister2:\ffmap:0:ffi|Q           ; Lost fanout                                 ;
; 16bitR:ImmediateEX|NbitRegister:inste|BitRegister2:\ffmap:15:ffi|Q          ; Lost fanout                                 ;
; 16bitR:ImmediateEX|NbitRegister:inste|BitRegister2:\ffmap:14:ffi|Q          ; Lost fanout                                 ;
; 16bitR:ImmediateEX|NbitRegister:inste|BitRegister2:\ffmap:13:ffi|Q          ; Lost fanout                                 ;
; 16bitR:ImmediateEX|NbitRegister:inste|BitRegister2:\ffmap:12:ffi|Q          ; Lost fanout                                 ;
; 16bitR:ImmediateEX|NbitRegister:inste|BitRegister2:\ffmap:11:ffi|Q          ; Lost fanout                                 ;
; 16bitR:ImmediateEX|NbitRegister:inste|BitRegister2:\ffmap:10:ffi|Q          ; Lost fanout                                 ;
; 16bitR:ImmediateEX|NbitRegister:inste|BitRegister2:\ffmap:9:ffi|Q           ; Lost fanout                                 ;
; 16bitR:ImmediateEX|NbitRegister:inste|BitRegister2:\ffmap:8:ffi|Q           ; Lost fanout                                 ;
; 16bitR:ImmediateEX|NbitRegister:inste|BitRegister2:\ffmap:7:ffi|Q           ; Lost fanout                                 ;
; 16bitR:ImmediateEX|NbitRegister:inste|BitRegister2:\ffmap:6:ffi|Q           ; Lost fanout                                 ;
; 16bitR:ImmediateEX|NbitRegister:inste|BitRegister2:\ffmap:5:ffi|Q           ; Lost fanout                                 ;
; 16bitR:ImmediateEX|NbitRegister:inste|BitRegister2:\ffmap:4:ffi|Q           ; Lost fanout                                 ;
; 16bitR:ImmediateEX|NbitRegister:inste|BitRegister2:\ffmap:3:ffi|Q           ; Lost fanout                                 ;
; 16bitR:ImmediateEX|NbitRegister:inste|BitRegister2:\ffmap:2:ffi|Q           ; Lost fanout                                 ;
; 16bitR:ImmediateEX|NbitRegister:inste|BitRegister2:\ffmap:1:ffi|Q           ; Lost fanout                                 ;
; 16bitR:ImmediateEX|NbitRegister:inste|BitRegister2:\ffmap:0:ffi|Q           ; Lost fanout                                 ;
; 16bitR:BBuffer|NbitRegister:inst1|BitRegister2:\ffmap:15:ffi|Q              ; Lost fanout                                 ;
; 16bitR:BBuffer|NbitRegister:inst1|BitRegister2:\ffmap:14:ffi|Q              ; Lost fanout                                 ;
; 16bitR:BBuffer|NbitRegister:inst1|BitRegister2:\ffmap:13:ffi|Q              ; Lost fanout                                 ;
; 16bitR:BBuffer|NbitRegister:inst1|BitRegister2:\ffmap:12:ffi|Q              ; Lost fanout                                 ;
; 16bitR:BBuffer|NbitRegister:inst1|BitRegister2:\ffmap:11:ffi|Q              ; Lost fanout                                 ;
; 16bitR:BBuffer|NbitRegister:inst1|BitRegister2:\ffmap:10:ffi|Q              ; Lost fanout                                 ;
; 16bitR:BBuffer|NbitRegister:inst1|BitRegister2:\ffmap:9:ffi|Q               ; Lost fanout                                 ;
; 16bitR:BBuffer|NbitRegister:inst1|BitRegister2:\ffmap:8:ffi|Q               ; Lost fanout                                 ;
; 16bitR:BBuffer|NbitRegister:inst1|BitRegister2:\ffmap:7:ffi|Q               ; Lost fanout                                 ;
; 16bitR:BBuffer|NbitRegister:inst1|BitRegister2:\ffmap:6:ffi|Q               ; Lost fanout                                 ;
; 16bitR:BBuffer|NbitRegister:inst1|BitRegister2:\ffmap:5:ffi|Q               ; Lost fanout                                 ;
; 16bitR:BBuffer|NbitRegister:inst1|BitRegister2:\ffmap:4:ffi|Q               ; Lost fanout                                 ;
; 16bitR:BBuffer|NbitRegister:inst1|BitRegister2:\ffmap:3:ffi|Q               ; Lost fanout                                 ;
; 16bitR:BBuffer|NbitRegister:inst1|BitRegister2:\ffmap:2:ffi|Q               ; Lost fanout                                 ;
; 16bitR:BBuffer|NbitRegister:inst1|BitRegister2:\ffmap:1:ffi|Q               ; Lost fanout                                 ;
; 16bitR:BBuffer|NbitRegister:inst1|BitRegister2:\ffmap:0:ffi|Q               ; Lost fanout                                 ;
; 16bitR:BBuffer|NbitRegister:inste|BitRegister2:\ffmap:15:ffi|Q              ; Lost fanout                                 ;
; 16bitR:BBuffer|NbitRegister:inste|BitRegister2:\ffmap:14:ffi|Q              ; Lost fanout                                 ;
; 16bitR:BBuffer|NbitRegister:inste|BitRegister2:\ffmap:13:ffi|Q              ; Lost fanout                                 ;
; 16bitR:BBuffer|NbitRegister:inste|BitRegister2:\ffmap:12:ffi|Q              ; Lost fanout                                 ;
; 16bitR:BBuffer|NbitRegister:inste|BitRegister2:\ffmap:11:ffi|Q              ; Lost fanout                                 ;
; 16bitR:BBuffer|NbitRegister:inste|BitRegister2:\ffmap:10:ffi|Q              ; Lost fanout                                 ;
; 16bitR:BBuffer|NbitRegister:inste|BitRegister2:\ffmap:9:ffi|Q               ; Lost fanout                                 ;
; 16bitR:BBuffer|NbitRegister:inste|BitRegister2:\ffmap:8:ffi|Q               ; Lost fanout                                 ;
; 16bitR:BBuffer|NbitRegister:inste|BitRegister2:\ffmap:7:ffi|Q               ; Lost fanout                                 ;
; 16bitR:BBuffer|NbitRegister:inste|BitRegister2:\ffmap:6:ffi|Q               ; Lost fanout                                 ;
; 16bitR:BBuffer|NbitRegister:inste|BitRegister2:\ffmap:5:ffi|Q               ; Lost fanout                                 ;
; 16bitR:BBuffer|NbitRegister:inste|BitRegister2:\ffmap:4:ffi|Q               ; Lost fanout                                 ;
; 16bitR:BBuffer|NbitRegister:inste|BitRegister2:\ffmap:3:ffi|Q               ; Lost fanout                                 ;
; 16bitR:BBuffer|NbitRegister:inste|BitRegister2:\ffmap:2:ffi|Q               ; Lost fanout                                 ;
; 16bitR:BBuffer|NbitRegister:inste|BitRegister2:\ffmap:1:ffi|Q               ; Lost fanout                                 ;
; 16bitR:BBuffer|NbitRegister:inste|BitRegister2:\ffmap:0:ffi|Q               ; Lost fanout                                 ;
; 1bitBR:ImmediateBSel|NbitRegister:inst1|BitRegister2:\ffmap:0:ffi|Q         ; Lost fanout                                 ;
; 1bitBR:ImmediateBSel|NbitRegister:instantN|BitRegister2:\ffmap:0:ffi|Q      ; Lost fanout                                 ;
; 16bitR:ABuffer|NbitRegister:inst1|BitRegister2:\ffmap:15:ffi|Q              ; Lost fanout                                 ;
; 16bitR:ABuffer|NbitRegister:inst1|BitRegister2:\ffmap:14:ffi|Q              ; Lost fanout                                 ;
; 16bitR:ABuffer|NbitRegister:inst1|BitRegister2:\ffmap:13:ffi|Q              ; Lost fanout                                 ;
; 16bitR:ABuffer|NbitRegister:inst1|BitRegister2:\ffmap:12:ffi|Q              ; Lost fanout                                 ;
; 16bitR:ABuffer|NbitRegister:inst1|BitRegister2:\ffmap:11:ffi|Q              ; Lost fanout                                 ;
; 16bitR:ABuffer|NbitRegister:inst1|BitRegister2:\ffmap:10:ffi|Q              ; Lost fanout                                 ;
; 16bitR:ABuffer|NbitRegister:inst1|BitRegister2:\ffmap:9:ffi|Q               ; Lost fanout                                 ;
; 16bitR:ABuffer|NbitRegister:inst1|BitRegister2:\ffmap:8:ffi|Q               ; Lost fanout                                 ;
; 16bitR:ABuffer|NbitRegister:inst1|BitRegister2:\ffmap:7:ffi|Q               ; Lost fanout                                 ;
; 16bitR:ABuffer|NbitRegister:inst1|BitRegister2:\ffmap:6:ffi|Q               ; Lost fanout                                 ;
; 16bitR:ABuffer|NbitRegister:inst1|BitRegister2:\ffmap:5:ffi|Q               ; Lost fanout                                 ;
; 16bitR:ABuffer|NbitRegister:inst1|BitRegister2:\ffmap:4:ffi|Q               ; Lost fanout                                 ;
; 16bitR:ABuffer|NbitRegister:inst1|BitRegister2:\ffmap:3:ffi|Q               ; Lost fanout                                 ;
; 16bitR:ABuffer|NbitRegister:inst1|BitRegister2:\ffmap:2:ffi|Q               ; Lost fanout                                 ;
; 16bitR:ABuffer|NbitRegister:inst1|BitRegister2:\ffmap:1:ffi|Q               ; Lost fanout                                 ;
; 16bitR:ABuffer|NbitRegister:inst1|BitRegister2:\ffmap:0:ffi|Q               ; Lost fanout                                 ;
; 16bitR:ABuffer|NbitRegister:inste|BitRegister2:\ffmap:15:ffi|Q              ; Lost fanout                                 ;
; 16bitR:ABuffer|NbitRegister:inste|BitRegister2:\ffmap:14:ffi|Q              ; Lost fanout                                 ;
; 16bitR:ABuffer|NbitRegister:inste|BitRegister2:\ffmap:13:ffi|Q              ; Lost fanout                                 ;
; 16bitR:ABuffer|NbitRegister:inste|BitRegister2:\ffmap:12:ffi|Q              ; Lost fanout                                 ;
; 16bitR:ABuffer|NbitRegister:inste|BitRegister2:\ffmap:11:ffi|Q              ; Lost fanout                                 ;
; 16bitR:ABuffer|NbitRegister:inste|BitRegister2:\ffmap:10:ffi|Q              ; Lost fanout                                 ;
; 16bitR:ABuffer|NbitRegister:inste|BitRegister2:\ffmap:9:ffi|Q               ; Lost fanout                                 ;
; 16bitR:ABuffer|NbitRegister:inste|BitRegister2:\ffmap:8:ffi|Q               ; Lost fanout                                 ;
; 16bitR:ABuffer|NbitRegister:inste|BitRegister2:\ffmap:7:ffi|Q               ; Lost fanout                                 ;
; 16bitR:ABuffer|NbitRegister:inste|BitRegister2:\ffmap:6:ffi|Q               ; Lost fanout                                 ;
; 16bitR:ABuffer|NbitRegister:inste|BitRegister2:\ffmap:5:ffi|Q               ; Lost fanout                                 ;
; 16bitR:ABuffer|NbitRegister:inste|BitRegister2:\ffmap:4:ffi|Q               ; Lost fanout                                 ;
; 16bitR:ABuffer|NbitRegister:inste|BitRegister2:\ffmap:3:ffi|Q               ; Lost fanout                                 ;
; 16bitR:ABuffer|NbitRegister:inste|BitRegister2:\ffmap:2:ffi|Q               ; Lost fanout                                 ;
; 16bitR:ABuffer|NbitRegister:inste|BitRegister2:\ffmap:1:ffi|Q               ; Lost fanout                                 ;
; 16bitR:ABuffer|NbitRegister:inste|BitRegister2:\ffmap:0:ffi|Q               ; Lost fanout                                 ;
; 16bitR:ExecuteOUT|NbitRegister:inst1|BitRegister2:\ffmap:15:ffi|Q           ; Lost fanout                                 ;
; 16bitR:ExecuteOUT|NbitRegister:inst1|BitRegister2:\ffmap:14:ffi|Q           ; Lost fanout                                 ;
; 16bitR:ExecuteOUT|NbitRegister:inst1|BitRegister2:\ffmap:13:ffi|Q           ; Lost fanout                                 ;
; 16bitR:ExecuteOUT|NbitRegister:inst1|BitRegister2:\ffmap:12:ffi|Q           ; Lost fanout                                 ;
; 16bitR:ExecuteOUT|NbitRegister:inst1|BitRegister2:\ffmap:11:ffi|Q           ; Lost fanout                                 ;
; 16bitR:ExecuteOUT|NbitRegister:inst1|BitRegister2:\ffmap:10:ffi|Q           ; Lost fanout                                 ;
; 16bitR:ExecuteOUT|NbitRegister:inst1|BitRegister2:\ffmap:9:ffi|Q            ; Lost fanout                                 ;
; 16bitR:ExecuteOUT|NbitRegister:inst1|BitRegister2:\ffmap:8:ffi|Q            ; Lost fanout                                 ;
; 16bitR:ExecuteOUT|NbitRegister:inst1|BitRegister2:\ffmap:7:ffi|Q            ; Lost fanout                                 ;
; 16bitR:ExecuteOUT|NbitRegister:inst1|BitRegister2:\ffmap:6:ffi|Q            ; Lost fanout                                 ;
; 16bitR:ExecuteOUT|NbitRegister:inst1|BitRegister2:\ffmap:5:ffi|Q            ; Lost fanout                                 ;
; 16bitR:ExecuteOUT|NbitRegister:inst1|BitRegister2:\ffmap:4:ffi|Q            ; Lost fanout                                 ;
; 16bitR:ExecuteOUT|NbitRegister:inst1|BitRegister2:\ffmap:3:ffi|Q            ; Lost fanout                                 ;
; 16bitR:ExecuteOUT|NbitRegister:inst1|BitRegister2:\ffmap:2:ffi|Q            ; Lost fanout                                 ;
; 16bitR:ExecuteOUT|NbitRegister:inst1|BitRegister2:\ffmap:1:ffi|Q            ; Lost fanout                                 ;
; 16bitR:ExecuteOUT|NbitRegister:inst1|BitRegister2:\ffmap:0:ffi|Q            ; Lost fanout                                 ;
; 16bitR:ExecuteOUT|NbitRegister:inste|BitRegister2:\ffmap:15:ffi|Q           ; Lost fanout                                 ;
; 16bitR:ExecuteOUT|NbitRegister:inste|BitRegister2:\ffmap:14:ffi|Q           ; Lost fanout                                 ;
; 16bitR:ExecuteOUT|NbitRegister:inste|BitRegister2:\ffmap:13:ffi|Q           ; Lost fanout                                 ;
; 16bitR:ExecuteOUT|NbitRegister:inste|BitRegister2:\ffmap:12:ffi|Q           ; Lost fanout                                 ;
; 16bitR:ExecuteOUT|NbitRegister:inste|BitRegister2:\ffmap:11:ffi|Q           ; Lost fanout                                 ;
; 16bitR:ExecuteOUT|NbitRegister:inste|BitRegister2:\ffmap:10:ffi|Q           ; Lost fanout                                 ;
; 16bitR:ExecuteOUT|NbitRegister:inste|BitRegister2:\ffmap:9:ffi|Q            ; Lost fanout                                 ;
; 16bitR:ExecuteOUT|NbitRegister:inste|BitRegister2:\ffmap:8:ffi|Q            ; Lost fanout                                 ;
; 16bitR:ExecuteOUT|NbitRegister:inste|BitRegister2:\ffmap:7:ffi|Q            ; Lost fanout                                 ;
; 16bitR:ExecuteOUT|NbitRegister:inste|BitRegister2:\ffmap:6:ffi|Q            ; Lost fanout                                 ;
; 16bitR:ExecuteOUT|NbitRegister:inste|BitRegister2:\ffmap:5:ffi|Q            ; Lost fanout                                 ;
; 16bitR:ExecuteOUT|NbitRegister:inste|BitRegister2:\ffmap:4:ffi|Q            ; Lost fanout                                 ;
; 16bitR:ExecuteOUT|NbitRegister:inste|BitRegister2:\ffmap:3:ffi|Q            ; Lost fanout                                 ;
; 16bitR:ExecuteOUT|NbitRegister:inste|BitRegister2:\ffmap:2:ffi|Q            ; Lost fanout                                 ;
; 16bitR:ExecuteOUT|NbitRegister:inste|BitRegister2:\ffmap:1:ffi|Q            ; Lost fanout                                 ;
; 16bitR:ExecuteOUT|NbitRegister:inste|BitRegister2:\ffmap:0:ffi|Q            ; Lost fanout                                 ;
; 1bitBR:ImmSelEnable|NbitRegister:inst1|BitRegister2:\ffmap:0:ffi|Q          ; Lost fanout                                 ;
; 1bitBR:ImmSelEnable|NbitRegister:instantN|BitRegister2:\ffmap:0:ffi|Q       ; Lost fanout                                 ;
; 3bitPSR:inst28|NbitRegister:instantp|BitRegister2:\ffmap:1:ffi|Q            ; Lost fanout                                 ;
; 3bitPSR:inst28|NbitRegister:inst1|BitRegister2:\ffmap:1:ffi|Q               ; Lost fanout                                 ;
; 1bitBR:RegEnable|NbitRegister:inst1|BitRegister2:\ffmap:0:ffi|Q             ; Lost fanout                                 ;
; 1bitBR:RegEnable|NbitRegister:instantN|BitRegister2:\ffmap:0:ffi|Q          ; Lost fanout                                 ;
; REGISTERS:inst3|NbitRegister:\registe:0:regi|BitRegister2:\ffmap:15:ffi|Q   ; Lost fanout                                 ;
; REGISTERS:inst3|NbitRegister:\registe:0:regi|BitRegister2:\ffmap:14:ffi|Q   ; Lost fanout                                 ;
; REGISTERS:inst3|NbitRegister:\registe:0:regi|BitRegister2:\ffmap:13:ffi|Q   ; Lost fanout                                 ;
; REGISTERS:inst3|NbitRegister:\registe:0:regi|BitRegister2:\ffmap:12:ffi|Q   ; Lost fanout                                 ;
; REGISTERS:inst3|NbitRegister:\registe:0:regi|BitRegister2:\ffmap:11:ffi|Q   ; Lost fanout                                 ;
; REGISTERS:inst3|NbitRegister:\registe:0:regi|BitRegister2:\ffmap:10:ffi|Q   ; Lost fanout                                 ;
; REGISTERS:inst3|NbitRegister:\registe:0:regi|BitRegister2:\ffmap:9:ffi|Q    ; Lost fanout                                 ;
; REGISTERS:inst3|NbitRegister:\registe:0:regi|BitRegister2:\ffmap:8:ffi|Q    ; Lost fanout                                 ;
; REGISTERS:inst3|NbitRegister:\registe:0:regi|BitRegister2:\ffmap:7:ffi|Q    ; Lost fanout                                 ;
; REGISTERS:inst3|NbitRegister:\registe:0:regi|BitRegister2:\ffmap:6:ffi|Q    ; Lost fanout                                 ;
; REGISTERS:inst3|NbitRegister:\registe:0:regi|BitRegister2:\ffmap:5:ffi|Q    ; Lost fanout                                 ;
; REGISTERS:inst3|NbitRegister:\registe:0:regi|BitRegister2:\ffmap:4:ffi|Q    ; Lost fanout                                 ;
; REGISTERS:inst3|NbitRegister:\registe:0:regi|BitRegister2:\ffmap:3:ffi|Q    ; Lost fanout                                 ;
; REGISTERS:inst3|NbitRegister:\registe:0:regi|BitRegister2:\ffmap:2:ffi|Q    ; Lost fanout                                 ;
; REGISTERS:inst3|NbitRegister:\registe:0:regi|BitRegister2:\ffmap:1:ffi|Q    ; Lost fanout                                 ;
; REGISTERS:inst3|NbitRegister:\registe:0:regi|BitRegister2:\ffmap:0:ffi|Q    ; Lost fanout                                 ;
; ProgramCounter:inst9|NbitRegister:LINK_REGISTER|BitRegister2:\ffmap:8:ffi|Q ; Lost fanout                                 ;
; ProgramCounter:inst9|NbitRegister:LINK_REGISTER|BitRegister2:\ffmap:7:ffi|Q ; Lost fanout                                 ;
; ProgramCounter:inst9|NbitRegister:LINK_REGISTER|BitRegister2:\ffmap:6:ffi|Q ; Lost fanout                                 ;
; ProgramCounter:inst9|NbitRegister:LINK_REGISTER|BitRegister2:\ffmap:5:ffi|Q ; Lost fanout                                 ;
; ProgramCounter:inst9|NbitRegister:LINK_REGISTER|BitRegister2:\ffmap:4:ffi|Q ; Lost fanout                                 ;
; ProgramCounter:inst9|NbitRegister:LINK_REGISTER|BitRegister2:\ffmap:3:ffi|Q ; Lost fanout                                 ;
; ProgramCounter:inst9|NbitRegister:LINK_REGISTER|BitRegister2:\ffmap:2:ffi|Q ; Lost fanout                                 ;
; ProgramCounter:inst9|NbitRegister:LINK_REGISTER|BitRegister2:\ffmap:1:ffi|Q ; Lost fanout                                 ;
; ProgramCounter:inst9|NbitRegister:LINK_REGISTER|BitRegister2:\ffmap:0:ffi|Q ; Lost fanout                                 ;
; ProgramCounter:inst9|NbitDFF:dafdf|\ffmap:0:ffi                             ; Lost fanout                                 ;
; ProgramCounter:inst9|NbitDFF:dafdf|\ffmap:1:ffi                             ; Lost fanout                                 ;
; ProgramCounter:inst9|NbitDFF:dafdf|\ffmap:2:ffi                             ; Lost fanout                                 ;
; ProgramCounter:inst9|NbitDFF:dafdf|\ffmap:3:ffi                             ; Lost fanout                                 ;
; ProgramCounter:inst9|NbitDFF:dafdf|\ffmap:4:ffi                             ; Lost fanout                                 ;
; ProgramCounter:inst9|NbitDFF:dafdf|\ffmap:5:ffi                             ; Lost fanout                                 ;
; ProgramCounter:inst9|NbitDFF:dafdf|\ffmap:6:ffi                             ; Lost fanout                                 ;
; ProgramCounter:inst9|NbitDFF:dafdf|\ffmap:7:ffi                             ; Lost fanout                                 ;
; ProgramCounter:inst9|NbitDFF:dafdf|\ffmap:8:ffi                             ; Lost fanout                                 ;
; 16bitR:InstructionRegister|NbitRegister:inst1|BitRegister2:\ffmap:15:ffi|Q  ; Lost fanout                                 ;
; 16bitR:InstructionRegister|NbitRegister:inst1|BitRegister2:\ffmap:14:ffi|Q  ; Lost fanout                                 ;
; 16bitR:InstructionRegister|NbitRegister:inst1|BitRegister2:\ffmap:13:ffi|Q  ; Lost fanout                                 ;
; 16bitR:InstructionRegister|NbitRegister:inst1|BitRegister2:\ffmap:12:ffi|Q  ; Lost fanout                                 ;
; 16bitR:InstructionRegister|NbitRegister:inst1|BitRegister2:\ffmap:11:ffi|Q  ; Lost fanout                                 ;
; 16bitR:InstructionRegister|NbitRegister:inst1|BitRegister2:\ffmap:10:ffi|Q  ; Lost fanout                                 ;
; 16bitR:InstructionRegister|NbitRegister:inst1|BitRegister2:\ffmap:9:ffi|Q   ; Lost fanout                                 ;
; 16bitR:InstructionRegister|NbitRegister:inst1|BitRegister2:\ffmap:8:ffi|Q   ; Lost fanout                                 ;
; 16bitR:InstructionRegister|NbitRegister:inst1|BitRegister2:\ffmap:7:ffi|Q   ; Lost fanout                                 ;
; 16bitR:InstructionRegister|NbitRegister:inst1|BitRegister2:\ffmap:6:ffi|Q   ; Lost fanout                                 ;
; 16bitR:InstructionRegister|NbitRegister:inst1|BitRegister2:\ffmap:5:ffi|Q   ; Lost fanout                                 ;
; 16bitR:InstructionRegister|NbitRegister:inst1|BitRegister2:\ffmap:4:ffi|Q   ; Lost fanout                                 ;
; 16bitR:InstructionRegister|NbitRegister:inst1|BitRegister2:\ffmap:3:ffi|Q   ; Lost fanout                                 ;
; 16bitR:InstructionRegister|NbitRegister:inst1|BitRegister2:\ffmap:2:ffi|Q   ; Lost fanout                                 ;
; 16bitR:InstructionRegister|NbitRegister:inst1|BitRegister2:\ffmap:1:ffi|Q   ; Lost fanout                                 ;
; 16bitR:InstructionRegister|NbitRegister:inst1|BitRegister2:\ffmap:0:ffi|Q   ; Lost fanout                                 ;
; 16bitR:InstructionRegister|NbitRegister:inste|BitRegister2:\ffmap:15:ffi|Q  ; Lost fanout                                 ;
; 16bitR:InstructionRegister|NbitRegister:inste|BitRegister2:\ffmap:14:ffi|Q  ; Lost fanout                                 ;
; 16bitR:InstructionRegister|NbitRegister:inste|BitRegister2:\ffmap:13:ffi|Q  ; Lost fanout                                 ;
; 16bitR:InstructionRegister|NbitRegister:inste|BitRegister2:\ffmap:12:ffi|Q  ; Lost fanout                                 ;
; 16bitR:InstructionRegister|NbitRegister:inste|BitRegister2:\ffmap:11:ffi|Q  ; Lost fanout                                 ;
; 16bitR:InstructionRegister|NbitRegister:inste|BitRegister2:\ffmap:10:ffi|Q  ; Lost fanout                                 ;
; 16bitR:InstructionRegister|NbitRegister:inste|BitRegister2:\ffmap:9:ffi|Q   ; Lost fanout                                 ;
; 16bitR:InstructionRegister|NbitRegister:inste|BitRegister2:\ffmap:8:ffi|Q   ; Lost fanout                                 ;
; 16bitR:InstructionRegister|NbitRegister:inste|BitRegister2:\ffmap:7:ffi|Q   ; Lost fanout                                 ;
; 16bitR:InstructionRegister|NbitRegister:inste|BitRegister2:\ffmap:6:ffi|Q   ; Lost fanout                                 ;
; 16bitR:InstructionRegister|NbitRegister:inste|BitRegister2:\ffmap:5:ffi|Q   ; Lost fanout                                 ;
; 16bitR:InstructionRegister|NbitRegister:inste|BitRegister2:\ffmap:4:ffi|Q   ; Lost fanout                                 ;
; 16bitR:InstructionRegister|NbitRegister:inste|BitRegister2:\ffmap:3:ffi|Q   ; Lost fanout                                 ;
; 16bitR:InstructionRegister|NbitRegister:inste|BitRegister2:\ffmap:2:ffi|Q   ; Lost fanout                                 ;
; 16bitR:InstructionRegister|NbitRegister:inste|BitRegister2:\ffmap:1:ffi|Q   ; Lost fanout                                 ;
; 16bitR:InstructionRegister|NbitRegister:inste|BitRegister2:\ffmap:0:ffi|Q   ; Lost fanout                                 ;
; 3bitPSR:deviceSelBuffer|NbitRegister:instantp|BitRegister2:\ffmap:1:ffi|Q   ; Lost fanout                                 ;
; 3bitPSR:deviceSelBuffer|NbitRegister:instantp|BitRegister2:\ffmap:0:ffi|Q   ; Lost fanout                                 ;
; 3bitPSR:deviceSelBuffer|NbitRegister:inst1|BitRegister2:\ffmap:1:ffi|Q      ; Lost fanout                                 ;
; 3bitPSR:deviceSelBuffer|NbitRegister:inst1|BitRegister2:\ffmap:0:ffi|Q      ; Lost fanout                                 ;
; Total Number of Removed Registers = 470                                     ;                                             ;
+-----------------------------------------------------------------------------+---------------------------------------------+


+-----------------------------------------------------------------------------------------------------------------------------------------------------------------------------------------------+
; Removed Registers Triggering Further Register Optimizations                                                                                                                                   ;
+-----------------------------------------------------------------------------+---------------------------+-------------------------------------------------------------------------------------+
; Register name                                                               ; Reason for Removal        ; Registers Removed due to This Register                                              ;
+-----------------------------------------------------------------------------+---------------------------+-------------------------------------------------------------------------------------+
; 3bitPSR:inst28|NbitRegister:instantp|BitRegister2:\ffmap:2:ffi|Q            ; Stuck at GND              ; 3bitPSR:inst28|NbitRegister:inst1|BitRegister2:\ffmap:2:ffi|Q,                      ;
;                                                                             ; due to stuck port data_in ; 1bitBR:LoadWord|NbitRegister:inst1|BitRegister2:\ffmap:0:ffi|Q,                     ;
;                                                                             ;                           ; 1bitBR:LoadWord|NbitRegister:instantN|BitRegister2:\ffmap:0:ffi|Q,                  ;
;                                                                             ;                           ; NbitRegister:inst2|BitRegister2:\ffmap:15:ffi|Q,                                    ;
;                                                                             ;                           ; NbitRegister:inst2|BitRegister2:\ffmap:14:ffi|Q,                                    ;
;                                                                             ;                           ; NbitRegister:inst2|BitRegister2:\ffmap:13:ffi|Q,                                    ;
;                                                                             ;                           ; NbitRegister:inst2|BitRegister2:\ffmap:12:ffi|Q,                                    ;
;                                                                             ;                           ; NbitRegister:inst2|BitRegister2:\ffmap:11:ffi|Q,                                    ;
;                                                                             ;                           ; NbitRegister:inst2|BitRegister2:\ffmap:10:ffi|Q,                                    ;
;                                                                             ;                           ; NbitRegister:inst2|BitRegister2:\ffmap:9:ffi|Q,                                     ;
;                                                                             ;                           ; NbitRegister:inst2|BitRegister2:\ffmap:8:ffi|Q,                                     ;
;                                                                             ;                           ; NbitRegister:inst2|BitRegister2:\ffmap:7:ffi|Q,                                     ;
;                                                                             ;                           ; NbitRegister:inst2|BitRegister2:\ffmap:6:ffi|Q,                                     ;
;                                                                             ;                           ; REGISTERS:inst3|NbitRegister:\registe:7:regi|BitRegister2:\ffmap:15:ffi|Q,          ;
;                                                                             ;                           ; REGISTERS:inst3|NbitRegister:\registe:7:regi|BitRegister2:\ffmap:14:ffi|Q,          ;
;                                                                             ;                           ; REGISTERS:inst3|NbitRegister:\registe:7:regi|BitRegister2:\ffmap:13:ffi|Q,          ;
;                                                                             ;                           ; REGISTERS:inst3|NbitRegister:\registe:7:regi|BitRegister2:\ffmap:12:ffi|Q,          ;
;                                                                             ;                           ; REGISTERS:inst3|NbitRegister:\registe:7:regi|BitRegister2:\ffmap:11:ffi|Q,          ;
;                                                                             ;                           ; REGISTERS:inst3|NbitRegister:\registe:7:regi|BitRegister2:\ffmap:10:ffi|Q,          ;
;                                                                             ;                           ; REGISTERS:inst3|NbitRegister:\registe:7:regi|BitRegister2:\ffmap:9:ffi|Q,           ;
;                                                                             ;                           ; REGISTERS:inst3|NbitRegister:\registe:7:regi|BitRegister2:\ffmap:8:ffi|Q,           ;
;                                                                             ;                           ; REGISTERS:inst3|NbitRegister:\registe:7:regi|BitRegister2:\ffmap:7:ffi|Q,           ;
;                                                                             ;                           ; REGISTERS:inst3|NbitRegister:\registe:7:regi|BitRegister2:\ffmap:6:ffi|Q,           ;
;                                                                             ;                           ; REGISTERS:inst3|NbitRegister:\registe:6:regi|BitRegister2:\ffmap:15:ffi|Q,          ;
;                                                                             ;                           ; REGISTERS:inst3|NbitRegister:\registe:6:regi|BitRegister2:\ffmap:14:ffi|Q,          ;
;                                                                             ;                           ; REGISTERS:inst3|NbitRegister:\registe:6:regi|BitRegister2:\ffmap:13:ffi|Q,          ;
;                                                                             ;                           ; REGISTERS:inst3|NbitRegister:\registe:6:regi|BitRegister2:\ffmap:12:ffi|Q,          ;
;                                                                             ;                           ; REGISTERS:inst3|NbitRegister:\registe:6:regi|BitRegister2:\ffmap:11:ffi|Q,          ;
;                                                                             ;                           ; REGISTERS:inst3|NbitRegister:\registe:6:regi|BitRegister2:\ffmap:10:ffi|Q,          ;
;                                                                             ;                           ; REGISTERS:inst3|NbitRegister:\registe:6:regi|BitRegister2:\ffmap:9:ffi|Q,           ;
;                                                                             ;                           ; REGISTERS:inst3|NbitRegister:\registe:6:regi|BitRegister2:\ffmap:8:ffi|Q,           ;
;                                                                             ;                           ; REGISTERS:inst3|NbitRegister:\registe:6:regi|BitRegister2:\ffmap:7:ffi|Q,           ;
;                                                                             ;                           ; REGISTERS:inst3|NbitRegister:\registe:6:regi|BitRegister2:\ffmap:6:ffi|Q,           ;
;                                                                             ;                           ; REGISTERS:inst3|NbitRegister:\registe:5:regi|BitRegister2:\ffmap:15:ffi|Q,          ;
;                                                                             ;                           ; REGISTERS:inst3|NbitRegister:\registe:5:regi|BitRegister2:\ffmap:14:ffi|Q,          ;
;                                                                             ;                           ; REGISTERS:inst3|NbitRegister:\registe:5:regi|BitRegister2:\ffmap:13:ffi|Q,          ;
;                                                                             ;                           ; REGISTERS:inst3|NbitRegister:\registe:5:regi|BitRegister2:\ffmap:12:ffi|Q,          ;
;                                                                             ;                           ; REGISTERS:inst3|NbitRegister:\registe:5:regi|BitRegister2:\ffmap:11:ffi|Q,          ;
;                                                                             ;                           ; REGISTERS:inst3|NbitRegister:\registe:5:regi|BitRegister2:\ffmap:10:ffi|Q,          ;
;                                                                             ;                           ; REGISTERS:inst3|NbitRegister:\registe:5:regi|BitRegister2:\ffmap:9:ffi|Q,           ;
;                                                                             ;                           ; REGISTERS:inst3|NbitRegister:\registe:5:regi|BitRegister2:\ffmap:8:ffi|Q,           ;
;                                                                             ;                           ; REGISTERS:inst3|NbitRegister:\registe:5:regi|BitRegister2:\ffmap:7:ffi|Q,           ;
;                                                                             ;                           ; REGISTERS:inst3|NbitRegister:\registe:5:regi|BitRegister2:\ffmap:6:ffi|Q,           ;
;                                                                             ;                           ; REGISTERS:inst3|NbitRegister:\registe:4:regi|BitRegister2:\ffmap:15:ffi|Q,          ;
;                                                                             ;                           ; REGISTERS:inst3|NbitRegister:\registe:4:regi|BitRegister2:\ffmap:14:ffi|Q,          ;
;                                                                             ;                           ; REGISTERS:inst3|NbitRegister:\registe:4:regi|BitRegister2:\ffmap:13:ffi|Q,          ;
;                                                                             ;                           ; REGISTERS:inst3|NbitRegister:\registe:4:regi|BitRegister2:\ffmap:12:ffi|Q,          ;
;                                                                             ;                           ; REGISTERS:inst3|NbitRegister:\registe:4:regi|BitRegister2:\ffmap:11:ffi|Q,          ;
;                                                                             ;                           ; REGISTERS:inst3|NbitRegister:\registe:4:regi|BitRegister2:\ffmap:10:ffi|Q,          ;
;                                                                             ;                           ; REGISTERS:inst3|NbitRegister:\registe:4:regi|BitRegister2:\ffmap:9:ffi|Q,           ;
;                                                                             ;                           ; REGISTERS:inst3|NbitRegister:\registe:4:regi|BitRegister2:\ffmap:8:ffi|Q,           ;
;                                                                             ;                           ; REGISTERS:inst3|NbitRegister:\registe:4:regi|BitRegister2:\ffmap:7:ffi|Q,           ;
;                                                                             ;                           ; REGISTERS:inst3|NbitRegister:\registe:4:regi|BitRegister2:\ffmap:6:ffi|Q,           ;
;                                                                             ;                           ; REGISTERS:inst3|NbitRegister:\registe:3:regi|BitRegister2:\ffmap:15:ffi|Q,          ;
;                                                                             ;                           ; REGISTERS:inst3|NbitRegister:\registe:3:regi|BitRegister2:\ffmap:14:ffi|Q,          ;
;                                                                             ;                           ; REGISTERS:inst3|NbitRegister:\registe:3:regi|BitRegister2:\ffmap:13:ffi|Q,          ;
;                                                                             ;                           ; REGISTERS:inst3|NbitRegister:\registe:3:regi|BitRegister2:\ffmap:12:ffi|Q,          ;
;                                                                             ;                           ; REGISTERS:inst3|NbitRegister:\registe:3:regi|BitRegister2:\ffmap:11:ffi|Q,          ;
;                                                                             ;                           ; REGISTERS:inst3|NbitRegister:\registe:3:regi|BitRegister2:\ffmap:10:ffi|Q,          ;
;                                                                             ;                           ; REGISTERS:inst3|NbitRegister:\registe:3:regi|BitRegister2:\ffmap:9:ffi|Q,           ;
;                                                                             ;                           ; REGISTERS:inst3|NbitRegister:\registe:3:regi|BitRegister2:\ffmap:8:ffi|Q,           ;
;                                                                             ;                           ; REGISTERS:inst3|NbitRegister:\registe:3:regi|BitRegister2:\ffmap:7:ffi|Q,           ;
;                                                                             ;                           ; REGISTERS:inst3|NbitRegister:\registe:3:regi|BitRegister2:\ffmap:6:ffi|Q,           ;
;                                                                             ;                           ; REGISTERS:inst3|NbitRegister:\registe:2:regi|BitRegister2:\ffmap:15:ffi|Q,          ;
;                                                                             ;                           ; REGISTERS:inst3|NbitRegister:\registe:2:regi|BitRegister2:\ffmap:14:ffi|Q,          ;
;                                                                             ;                           ; REGISTERS:inst3|NbitRegister:\registe:2:regi|BitRegister2:\ffmap:13:ffi|Q,          ;
;                                                                             ;                           ; REGISTERS:inst3|NbitRegister:\registe:2:regi|BitRegister2:\ffmap:12:ffi|Q,          ;
;                                                                             ;                           ; REGISTERS:inst3|NbitRegister:\registe:2:regi|BitRegister2:\ffmap:11:ffi|Q,          ;
;                                                                             ;                           ; REGISTERS:inst3|NbitRegister:\registe:2:regi|BitRegister2:\ffmap:10:ffi|Q,          ;
;                                                                             ;                           ; REGISTERS:inst3|NbitRegister:\registe:2:regi|BitRegister2:\ffmap:9:ffi|Q,           ;
;                                                                             ;                           ; REGISTERS:inst3|NbitRegister:\registe:2:regi|BitRegister2:\ffmap:8:ffi|Q,           ;
;                                                                             ;                           ; REGISTERS:inst3|NbitRegister:\registe:2:regi|BitRegister2:\ffmap:7:ffi|Q,           ;
;                                                                             ;                           ; REGISTERS:inst3|NbitRegister:\registe:2:regi|BitRegister2:\ffmap:6:ffi|Q,           ;
;                                                                             ;                           ; REGISTERS:inst3|NbitRegister:\registe:1:regi|BitRegister2:\ffmap:15:ffi|Q,          ;
;                                                                             ;                           ; REGISTERS:inst3|NbitRegister:\registe:1:regi|BitRegister2:\ffmap:14:ffi|Q,          ;
;                                                                             ;                           ; REGISTERS:inst3|NbitRegister:\registe:1:regi|BitRegister2:\ffmap:13:ffi|Q,          ;
;                                                                             ;                           ; REGISTERS:inst3|NbitRegister:\registe:1:regi|BitRegister2:\ffmap:12:ffi|Q,          ;
;                                                                             ;                           ; REGISTERS:inst3|NbitRegister:\registe:1:regi|BitRegister2:\ffmap:11:ffi|Q,          ;
;                                                                             ;                           ; REGISTERS:inst3|NbitRegister:\registe:1:regi|BitRegister2:\ffmap:10:ffi|Q,          ;
;                                                                             ;                           ; REGISTERS:inst3|NbitRegister:\registe:1:regi|BitRegister2:\ffmap:9:ffi|Q,           ;
;                                                                             ;                           ; REGISTERS:inst3|NbitRegister:\registe:1:regi|BitRegister2:\ffmap:8:ffi|Q,           ;
;                                                                             ;                           ; REGISTERS:inst3|NbitRegister:\registe:1:regi|BitRegister2:\ffmap:7:ffi|Q,           ;
;                                                                             ;                           ; REGISTERS:inst3|NbitRegister:\registe:1:regi|BitRegister2:\ffmap:6:ffi|Q,           ;
;                                                                             ;                           ; 16bitR:Imm16WB|NbitRegister:inste|BitRegister2:\ffmap:15:ffi|Q,                     ;
;                                                                             ;                           ; 16bitR:Imm16WB|NbitRegister:inste|BitRegister2:\ffmap:14:ffi|Q,                     ;
;                                                                             ;                           ; 16bitR:Imm16WB|NbitRegister:inste|BitRegister2:\ffmap:13:ffi|Q,                     ;
;                                                                             ;                           ; 16bitR:Imm16WB|NbitRegister:inste|BitRegister2:\ffmap:12:ffi|Q,                     ;
;                                                                             ;                           ; 16bitR:Imm16WB|NbitRegister:inste|BitRegister2:\ffmap:11:ffi|Q,                     ;
;                                                                             ;                           ; 16bitR:Imm16WB|NbitRegister:inste|BitRegister2:\ffmap:10:ffi|Q,                     ;
;                                                                             ;                           ; 16bitR:Imm16WB|NbitRegister:inste|BitRegister2:\ffmap:9:ffi|Q,                      ;
;                                                                             ;                           ; 16bitR:Imm16WB|NbitRegister:inste|BitRegister2:\ffmap:8:ffi|Q,                      ;
;                                                                             ;                           ; 16bitR:Imm16WB|NbitRegister:inste|BitRegister2:\ffmap:7:ffi|Q,                      ;
;                                                                             ;                           ; 16bitR:Imm16WB|NbitRegister:inste|BitRegister2:\ffmap:6:ffi|Q,                      ;
;                                                                             ;                           ; 16bitR:Imm16WB|NbitRegister:inste|BitRegister2:\ffmap:5:ffi|Q,                      ;
;                                                                             ;                           ; RAM:ProgramMemory|DOUT[6], RAM:ProgramMemory|DOUT[7], RAM:ProgramMemory|DOUT[8],    ;
;                                                                             ;                           ; RAM:ProgramMemory|DOUT[9], RAM:ProgramMemory|DOUT[10], RAM:ProgramMemory|DOUT[11],  ;
;                                                                             ;                           ; RAM:ProgramMemory|DOUT[12], RAM:ProgramMemory|DOUT[13], RAM:ProgramMemory|DOUT[14], ;
;                                                                             ;                           ; RAM:ProgramMemory|DOUT[15],                                                         ;
;                                                                             ;                           ; 16bitR:ExecuteOUT|NbitRegister:inste|BitRegister2:\ffmap:15:ffi|Q,                  ;
;                                                                             ;                           ; 16bitR:ExecuteOUT|NbitRegister:inste|BitRegister2:\ffmap:14:ffi|Q,                  ;
;                                                                             ;                           ; 16bitR:ExecuteOUT|NbitRegister:inste|BitRegister2:\ffmap:13:ffi|Q,                  ;
;                                                                             ;                           ; 16bitR:ExecuteOUT|NbitRegister:inste|BitRegister2:\ffmap:12:ffi|Q,                  ;
;                                                                             ;                           ; 16bitR:ExecuteOUT|NbitRegister:inste|BitRegister2:\ffmap:11:ffi|Q,                  ;
;                                                                             ;                           ; 16bitR:ExecuteOUT|NbitRegister:inste|BitRegister2:\ffmap:10:ffi|Q,                  ;
;                                                                             ;                           ; 16bitR:ExecuteOUT|NbitRegister:inste|BitRegister2:\ffmap:9:ffi|Q,                   ;
;                                                                             ;                           ; 16bitR:ExecuteOUT|NbitRegister:inste|BitRegister2:\ffmap:8:ffi|Q,                   ;
;                                                                             ;                           ; 16bitR:ExecuteOUT|NbitRegister:inste|BitRegister2:\ffmap:7:ffi|Q,                   ;
;                                                                             ;                           ; 16bitR:ExecuteOUT|NbitRegister:inste|BitRegister2:\ffmap:6:ffi|Q,                   ;
;                                                                             ;                           ; 16bitR:ExecuteOUT|NbitRegister:inste|BitRegister2:\ffmap:5:ffi|Q,                   ;
;                                                                             ;                           ; 16bitR:ExecuteOUT|NbitRegister:inste|BitRegister2:\ffmap:4:ffi|Q,                   ;
;                                                                             ;                           ; 1bitBR:ImmSelEnable|NbitRegister:instantN|BitRegister2:\ffmap:0:ffi|Q               ;
; 12bitR:Operands|NbitRegister:inst1|BitRegister2:\ffmap:11:ffi|Q             ; Stuck at GND              ; 12bitR:Operands|NbitRegister:instas|BitRegister2:\ffmap:11:ffi|Q,                   ;
;                                                                             ; due to stuck port clock   ; 12bitR:imm12WB|NbitRegister:inst1|BitRegister2:\ffmap:11:ffi|Q,                     ;
;                                                                             ;                           ; 12bitR:imm12WB|NbitRegister:instas|BitRegister2:\ffmap:11:ffi|Q,                    ;
;                                                                             ;                           ; REGISTERS:inst3|NbitRegister:\registe:7:regi|BitRegister2:\ffmap:5:ffi|Q,           ;
;                                                                             ;                           ; REGISTERS:inst3|NbitRegister:\registe:7:regi|BitRegister2:\ffmap:4:ffi|Q,           ;
;                                                                             ;                           ; REGISTERS:inst3|NbitRegister:\registe:7:regi|BitRegister2:\ffmap:3:ffi|Q,           ;
;                                                                             ;                           ; REGISTERS:inst3|NbitRegister:\registe:7:regi|BitRegister2:\ffmap:2:ffi|Q,           ;
;                                                                             ;                           ; REGISTERS:inst3|NbitRegister:\registe:7:regi|BitRegister2:\ffmap:1:ffi|Q,           ;
;                                                                             ;                           ; REGISTERS:inst3|NbitRegister:\registe:7:regi|BitRegister2:\ffmap:0:ffi|Q,           ;
;                                                                             ;                           ; REGISTERS:inst3|NbitRegister:\registe:6:regi|BitRegister2:\ffmap:5:ffi|Q,           ;
;                                                                             ;                           ; REGISTERS:inst3|NbitRegister:\registe:6:regi|BitRegister2:\ffmap:4:ffi|Q,           ;
;                                                                             ;                           ; REGISTERS:inst3|NbitRegister:\registe:6:regi|BitRegister2:\ffmap:3:ffi|Q,           ;
;                                                                             ;                           ; REGISTERS:inst3|NbitRegister:\registe:6:regi|BitRegister2:\ffmap:2:ffi|Q,           ;
;                                                                             ;                           ; REGISTERS:inst3|NbitRegister:\registe:6:regi|BitRegister2:\ffmap:1:ffi|Q,           ;
;                                                                             ;                           ; REGISTERS:inst3|NbitRegister:\registe:6:regi|BitRegister2:\ffmap:0:ffi|Q,           ;
;                                                                             ;                           ; REGISTERS:inst3|NbitRegister:\registe:5:regi|BitRegister2:\ffmap:5:ffi|Q,           ;
;                                                                             ;                           ; REGISTERS:inst3|NbitRegister:\registe:5:regi|BitRegister2:\ffmap:4:ffi|Q,           ;
;                                                                             ;                           ; REGISTERS:inst3|NbitRegister:\registe:5:regi|BitRegister2:\ffmap:3:ffi|Q,           ;
;                                                                             ;                           ; REGISTERS:inst3|NbitRegister:\registe:5:regi|BitRegister2:\ffmap:2:ffi|Q,           ;
;                                                                             ;                           ; REGISTERS:inst3|NbitRegister:\registe:5:regi|BitRegister2:\ffmap:1:ffi|Q,           ;
;                                                                             ;                           ; REGISTERS:inst3|NbitRegister:\registe:5:regi|BitRegister2:\ffmap:0:ffi|Q,           ;
;                                                                             ;                           ; REGISTERS:inst3|NbitRegister:\registe:4:regi|BitRegister2:\ffmap:5:ffi|Q,           ;
;                                                                             ;                           ; REGISTERS:inst3|NbitRegister:\registe:4:regi|BitRegister2:\ffmap:4:ffi|Q,           ;
;                                                                             ;                           ; REGISTERS:inst3|NbitRegister:\registe:4:regi|BitRegister2:\ffmap:3:ffi|Q,           ;
;                                                                             ;                           ; REGISTERS:inst3|NbitRegister:\registe:4:regi|BitRegister2:\ffmap:2:ffi|Q,           ;
;                                                                             ;                           ; REGISTERS:inst3|NbitRegister:\registe:4:regi|BitRegister2:\ffmap:1:ffi|Q,           ;
;                                                                             ;                           ; REGISTERS:inst3|NbitRegister:\registe:4:regi|BitRegister2:\ffmap:0:ffi|Q,           ;
;                                                                             ;                           ; REGISTERS:inst3|NbitRegister:\registe:3:regi|BitRegister2:\ffmap:5:ffi|Q,           ;
;                                                                             ;                           ; REGISTERS:inst3|NbitRegister:\registe:3:regi|BitRegister2:\ffmap:4:ffi|Q,           ;
;                                                                             ;                           ; REGISTERS:inst3|NbitRegister:\registe:3:regi|BitRegister2:\ffmap:3:ffi|Q,           ;
;                                                                             ;                           ; REGISTERS:inst3|NbitRegister:\registe:3:regi|BitRegister2:\ffmap:2:ffi|Q,           ;
;                                                                             ;                           ; REGISTERS:inst3|NbitRegister:\registe:3:regi|BitRegister2:\ffmap:1:ffi|Q,           ;
;                                                                             ;                           ; REGISTERS:inst3|NbitRegister:\registe:3:regi|BitRegister2:\ffmap:0:ffi|Q,           ;
;                                                                             ;                           ; REGISTERS:inst3|NbitRegister:\registe:2:regi|BitRegister2:\ffmap:5:ffi|Q,           ;
;                                                                             ;                           ; REGISTERS:inst3|NbitRegister:\registe:2:regi|BitRegister2:\ffmap:4:ffi|Q,           ;
;                                                                             ;                           ; REGISTERS:inst3|NbitRegister:\registe:2:regi|BitRegister2:\ffmap:3:ffi|Q,           ;
;                                                                             ;                           ; REGISTERS:inst3|NbitRegister:\registe:2:regi|BitRegister2:\ffmap:2:ffi|Q,           ;
;                                                                             ;                           ; REGISTERS:inst3|NbitRegister:\registe:2:regi|BitRegister2:\ffmap:1:ffi|Q,           ;
;                                                                             ;                           ; REGISTERS:inst3|NbitRegister:\registe:2:regi|BitRegister2:\ffmap:0:ffi|Q,           ;
;                                                                             ;                           ; REGISTERS:inst3|NbitRegister:\registe:1:regi|BitRegister2:\ffmap:5:ffi|Q,           ;
;                                                                             ;                           ; REGISTERS:inst3|NbitRegister:\registe:1:regi|BitRegister2:\ffmap:4:ffi|Q,           ;
;                                                                             ;                           ; REGISTERS:inst3|NbitRegister:\registe:1:regi|BitRegister2:\ffmap:3:ffi|Q,           ;
;                                                                             ;                           ; REGISTERS:inst3|NbitRegister:\registe:1:regi|BitRegister2:\ffmap:2:ffi|Q,           ;
;                                                                             ;                           ; REGISTERS:inst3|NbitRegister:\registe:1:regi|BitRegister2:\ffmap:1:ffi|Q,           ;
;                                                                             ;                           ; REGISTERS:inst3|NbitRegister:\registe:1:regi|BitRegister2:\ffmap:0:ffi|Q,           ;
;                                                                             ;                           ; 1bitBR:RegEnable|NbitRegister:instantN|BitRegister2:\ffmap:0:ffi|Q,                 ;
;                                                                             ;                           ; 16bitR:InstructionRegister|NbitRegister:inste|BitRegister2:\ffmap:11:ffi|Q,         ;
;                                                                             ;                           ; 16bitR:InstructionRegister|NbitRegister:inste|BitRegister2:\ffmap:8:ffi|Q,          ;
;                                                                             ;                           ; 16bitR:InstructionRegister|NbitRegister:inste|BitRegister2:\ffmap:7:ffi|Q           ;
; 3bitPSR:deviceSelBuffer|NbitRegister:instantp|BitRegister2:\ffmap:2:ffi|Q   ; Stuck at GND              ; 3bitPSR:deviceSelBuffer|NbitRegister:inst1|BitRegister2:\ffmap:2:ffi|Q,             ;
;                                                                             ; due to stuck port data_in ; 1bitBR:SsdEnable|NbitRegister:inst1|BitRegister2:\ffmap:0:ffi|Q,                    ;
;                                                                             ;                           ; 1bitBR:SsdEnable|NbitRegister:instantN|BitRegister2:\ffmap:0:ffi|Q,                 ;
;                                                                             ;                           ; NbitRegister:inst2|BitRegister2:\ffmap:5:ffi|Q,                                     ;
;                                                                             ;                           ; NbitRegister:inst2|BitRegister2:\ffmap:4:ffi|Q,                                     ;
;                                                                             ;                           ; NbitRegister:inst2|BitRegister2:\ffmap:3:ffi|Q,                                     ;
;                                                                             ;                           ; NbitRegister:inst2|BitRegister2:\ffmap:2:ffi|Q,                                     ;
;                                                                             ;                           ; NbitRegister:inst2|BitRegister2:\ffmap:1:ffi|Q,                                     ;
;                                                                             ;                           ; NbitRegister:inst2|BitRegister2:\ffmap:0:ffi|Q,                                     ;
;                                                                             ;                           ; 16bitR:Imm16WB|NbitRegister:inste|BitRegister2:\ffmap:4:ffi|Q,                      ;
;                                                                             ;                           ; 16bitR:Imm16WB|NbitRegister:inste|BitRegister2:\ffmap:3:ffi|Q,                      ;
;                                                                             ;                           ; 16bitR:Imm16WB|NbitRegister:inste|BitRegister2:\ffmap:2:ffi|Q,                      ;
;                                                                             ;                           ; 16bitR:Imm16WB|NbitRegister:inste|BitRegister2:\ffmap:1:ffi|Q,                      ;
;                                                                             ;                           ; 16bitR:Imm16WB|NbitRegister:inste|BitRegister2:\ffmap:0:ffi|Q,                      ;
;                                                                             ;                           ; RAM:ProgramMemory|DOUT[0], RAM:ProgramMemory|DOUT[1], RAM:ProgramMemory|DOUT[2],    ;
;                                                                             ;                           ; RAM:ProgramMemory|DOUT[3], RAM:ProgramMemory|DOUT[4], RAM:ProgramMemory|DOUT[5],    ;
;                                                                             ;                           ; 16bitR:ExecuteOUT|NbitRegister:inste|BitRegister2:\ffmap:3:ffi|Q,                   ;
;                                                                             ;                           ; 16bitR:ExecuteOUT|NbitRegister:inste|BitRegister2:\ffmap:2:ffi|Q,                   ;
;                                                                             ;                           ; 16bitR:ExecuteOUT|NbitRegister:inste|BitRegister2:\ffmap:1:ffi|Q,                   ;
;                                                                             ;                           ; 16bitR:ExecuteOUT|NbitRegister:inste|BitRegister2:\ffmap:0:ffi|Q                    ;
; 1bitBR:ExecuteOutSel|NbitRegister:inst1|BitRegister2:\ffmap:0:ffi|Q         ; Stuck at GND              ; 1bitBR:ExecuteOutSel|NbitRegister:instantN|BitRegister2:\ffmap:0:ffi|Q,             ;
;                                                                             ; due to stuck port data_in ; 16bitR:ABuffer|NbitRegister:inste|BitRegister2:\ffmap:15:ffi|Q,                     ;
;                                                                             ;                           ; 16bitR:ABuffer|NbitRegister:inste|BitRegister2:\ffmap:14:ffi|Q,                     ;
;                                                                             ;                           ; 16bitR:ABuffer|NbitRegister:inste|BitRegister2:\ffmap:13:ffi|Q,                     ;
;                                                                             ;                           ; 16bitR:ABuffer|NbitRegister:inste|BitRegister2:\ffmap:12:ffi|Q,                     ;
;                                                                             ;                           ; 16bitR:ABuffer|NbitRegister:inste|BitRegister2:\ffmap:11:ffi|Q,                     ;
;                                                                             ;                           ; 16bitR:ABuffer|NbitRegister:inste|BitRegister2:\ffmap:10:ffi|Q,                     ;
;                                                                             ;                           ; 16bitR:ABuffer|NbitRegister:inste|BitRegister2:\ffmap:9:ffi|Q,                      ;
;                                                                             ;                           ; 16bitR:ABuffer|NbitRegister:inste|BitRegister2:\ffmap:8:ffi|Q,                      ;
;                                                                             ;                           ; 16bitR:ABuffer|NbitRegister:inste|BitRegister2:\ffmap:7:ffi|Q,                      ;
;                                                                             ;                           ; 16bitR:ABuffer|NbitRegister:inste|BitRegister2:\ffmap:6:ffi|Q,                      ;
;                                                                             ;                           ; 16bitR:ABuffer|NbitRegister:inste|BitRegister2:\ffmap:5:ffi|Q,                      ;
;                                                                             ;                           ; 16bitR:ABuffer|NbitRegister:inste|BitRegister2:\ffmap:4:ffi|Q,                      ;
;                                                                             ;                           ; 16bitR:ABuffer|NbitRegister:inste|BitRegister2:\ffmap:3:ffi|Q,                      ;
;                                                                             ;                           ; 16bitR:ABuffer|NbitRegister:inste|BitRegister2:\ffmap:2:ffi|Q,                      ;
;                                                                             ;                           ; 16bitR:ABuffer|NbitRegister:inste|BitRegister2:\ffmap:1:ffi|Q,                      ;
;                                                                             ;                           ; 16bitR:ABuffer|NbitRegister:inste|BitRegister2:\ffmap:0:ffi|Q                       ;
; 12bitR:Operands|NbitRegister:inst1|BitRegister2:\ffmap:10:ffi|Q             ; Stuck at GND              ; 12bitR:Operands|NbitRegister:instas|BitRegister2:\ffmap:10:ffi|Q,                   ;
;                                                                             ; due to stuck port clock   ; 12bitR:imm12WB|NbitRegister:inst1|BitRegister2:\ffmap:10:ffi|Q,                     ;
;                                                                             ;                           ; 12bitR:imm12WB|NbitRegister:instas|BitRegister2:\ffmap:10:ffi|Q,                    ;
;                                                                             ;                           ; 16bitR:InstructionRegister|NbitRegister:inste|BitRegister2:\ffmap:10:ffi|Q          ;
; 12bitR:Operands|NbitRegister:inst1|BitRegister2:\ffmap:9:ffi|Q              ; Stuck at GND              ; 12bitR:Operands|NbitRegister:instas|BitRegister2:\ffmap:9:ffi|Q,                    ;
;                                                                             ; due to stuck port clock   ; 12bitR:imm12WB|NbitRegister:inst1|BitRegister2:\ffmap:9:ffi|Q,                      ;
;                                                                             ;                           ; 12bitR:imm12WB|NbitRegister:instas|BitRegister2:\ffmap:9:ffi|Q,                     ;
;                                                                             ;                           ; 16bitR:InstructionRegister|NbitRegister:inste|BitRegister2:\ffmap:9:ffi|Q           ;
; 12bitR:Operands|NbitRegister:inst1|BitRegister2:\ffmap:6:ffi|Q              ; Stuck at GND              ; 12bitR:Operands|NbitRegister:instas|BitRegister2:\ffmap:6:ffi|Q,                    ;
;                                                                             ; due to stuck port clock   ; 12bitR:imm12WB|NbitRegister:inst1|BitRegister2:\ffmap:6:ffi|Q,                      ;
;                                                                             ;                           ; 12bitR:imm12WB|NbitRegister:instas|BitRegister2:\ffmap:6:ffi|Q,                     ;
;                                                                             ;                           ; 16bitR:InstructionRegister|NbitRegister:inste|BitRegister2:\ffmap:6:ffi|Q           ;
; 12bitR:Operands|NbitRegister:inst1|BitRegister2:\ffmap:5:ffi|Q              ; Stuck at GND              ; 12bitR:Operands|NbitRegister:instas|BitRegister2:\ffmap:5:ffi|Q,                    ;
;                                                                             ; due to stuck port clock   ; 12bitR:imm12WB|NbitRegister:inst1|BitRegister2:\ffmap:5:ffi|Q,                      ;
;                                                                             ;                           ; 12bitR:imm12WB|NbitRegister:instas|BitRegister2:\ffmap:5:ffi|Q,                     ;
;                                                                             ;                           ; 16bitR:InstructionRegister|NbitRegister:inste|BitRegister2:\ffmap:5:ffi|Q           ;
; 12bitR:Operands|NbitRegister:inst1|BitRegister2:\ffmap:4:ffi|Q              ; Stuck at GND              ; 12bitR:Operands|NbitRegister:instas|BitRegister2:\ffmap:4:ffi|Q,                    ;
;                                                                             ; due to stuck port clock   ; 12bitR:imm12WB|NbitRegister:inst1|BitRegister2:\ffmap:4:ffi|Q,                      ;
;                                                                             ;                           ; 12bitR:imm12WB|NbitRegister:instas|BitRegister2:\ffmap:4:ffi|Q,                     ;
;                                                                             ;                           ; 16bitR:InstructionRegister|NbitRegister:inste|BitRegister2:\ffmap:4:ffi|Q           ;
; 12bitR:Operands|NbitRegister:inst1|BitRegister2:\ffmap:3:ffi|Q              ; Stuck at GND              ; 12bitR:Operands|NbitRegister:instas|BitRegister2:\ffmap:3:ffi|Q,                    ;
;                                                                             ; due to stuck port clock   ; 12bitR:imm12WB|NbitRegister:inst1|BitRegister2:\ffmap:3:ffi|Q,                      ;
;                                                                             ;                           ; 12bitR:imm12WB|NbitRegister:instas|BitRegister2:\ffmap:3:ffi|Q,                     ;
;                                                                             ;                           ; 16bitR:InstructionRegister|NbitRegister:inste|BitRegister2:\ffmap:3:ffi|Q           ;
; 12bitR:Operands|NbitRegister:inst1|BitRegister2:\ffmap:2:ffi|Q              ; Stuck at GND              ; 12bitR:Operands|NbitRegister:instas|BitRegister2:\ffmap:2:ffi|Q,                    ;
;                                                                             ; due to stuck port clock   ; 12bitR:imm12WB|NbitRegister:inst1|BitRegister2:\ffmap:2:ffi|Q,                      ;
;                                                                             ;                           ; 12bitR:imm12WB|NbitRegister:instas|BitRegister2:\ffmap:2:ffi|Q,                     ;
;                                                                             ;                           ; 16bitR:InstructionRegister|NbitRegister:inste|BitRegister2:\ffmap:2:ffi|Q           ;
; 12bitR:Operands|NbitRegister:inst1|BitRegister2:\ffmap:1:ffi|Q              ; Stuck at GND              ; 12bitR:Operands|NbitRegister:instas|BitRegister2:\ffmap:1:ffi|Q,                    ;
;                                                                             ; due to stuck port clock   ; 12bitR:imm12WB|NbitRegister:inst1|BitRegister2:\ffmap:1:ffi|Q,                      ;
;                                                                             ;                           ; 12bitR:imm12WB|NbitRegister:instas|BitRegister2:\ffmap:1:ffi|Q,                     ;
;                                                                             ;                           ; 16bitR:InstructionRegister|NbitRegister:inste|BitRegister2:\ffmap:1:ffi|Q           ;
; 12bitR:Operands|NbitRegister:inst1|BitRegister2:\ffmap:0:ffi|Q              ; Stuck at GND              ; 12bitR:Operands|NbitRegister:instas|BitRegister2:\ffmap:0:ffi|Q,                    ;
;                                                                             ; due to stuck port clock   ; 12bitR:imm12WB|NbitRegister:inst1|BitRegister2:\ffmap:0:ffi|Q,                      ;
;                                                                             ;                           ; 12bitR:imm12WB|NbitRegister:instas|BitRegister2:\ffmap:0:ffi|Q,                     ;
;                                                                             ;                           ; 16bitR:InstructionRegister|NbitRegister:inste|BitRegister2:\ffmap:0:ffi|Q           ;
; 3bitPSR:inst28|NbitRegister:instantp|BitRegister2:\ffmap:0:ffi|Q            ; Stuck at GND              ; 3bitPSR:inst28|NbitRegister:inst1|BitRegister2:\ffmap:0:ffi|Q,                      ;
;                                                                             ; due to stuck port data_in ; 1bitBR:SwSelBuffer|NbitRegister:inst1|BitRegister2:\ffmap:0:ffi|Q,                  ;
;                                                                             ;                           ; 1bitBR:SwSelBuffer|NbitRegister:instantN|BitRegister2:\ffmap:0:ffi|Q                ;
; 16bitR:Imm16WB|NbitRegister:inst1|BitRegister2:\ffmap:15:ffi|Q              ; Lost Fanouts              ; 16bitR:ImmediateEX|NbitRegister:inste|BitRegister2:\ffmap:15:ffi|Q                  ;
; 16bitR:Imm16WB|NbitRegister:inst1|BitRegister2:\ffmap:14:ffi|Q              ; Lost Fanouts              ; 16bitR:ImmediateEX|NbitRegister:inste|BitRegister2:\ffmap:14:ffi|Q                  ;
; 16bitR:Imm16WB|NbitRegister:inst1|BitRegister2:\ffmap:13:ffi|Q              ; Lost Fanouts              ; 16bitR:ImmediateEX|NbitRegister:inste|BitRegister2:\ffmap:13:ffi|Q                  ;
; 16bitR:Imm16WB|NbitRegister:inst1|BitRegister2:\ffmap:12:ffi|Q              ; Lost Fanouts              ; 16bitR:ImmediateEX|NbitRegister:inste|BitRegister2:\ffmap:12:ffi|Q                  ;
; 16bitR:Imm16WB|NbitRegister:inst1|BitRegister2:\ffmap:11:ffi|Q              ; Lost Fanouts              ; 16bitR:ImmediateEX|NbitRegister:inste|BitRegister2:\ffmap:11:ffi|Q                  ;
; 16bitR:Imm16WB|NbitRegister:inst1|BitRegister2:\ffmap:10:ffi|Q              ; Lost Fanouts              ; 16bitR:ImmediateEX|NbitRegister:inste|BitRegister2:\ffmap:10:ffi|Q                  ;
; 16bitR:Imm16WB|NbitRegister:inst1|BitRegister2:\ffmap:9:ffi|Q               ; Lost Fanouts              ; 16bitR:ImmediateEX|NbitRegister:inste|BitRegister2:\ffmap:9:ffi|Q                   ;
; 16bitR:Imm16WB|NbitRegister:inst1|BitRegister2:\ffmap:8:ffi|Q               ; Lost Fanouts              ; 16bitR:ImmediateEX|NbitRegister:inste|BitRegister2:\ffmap:8:ffi|Q                   ;
; 16bitR:Imm16WB|NbitRegister:inst1|BitRegister2:\ffmap:7:ffi|Q               ; Lost Fanouts              ; 16bitR:ImmediateEX|NbitRegister:inste|BitRegister2:\ffmap:7:ffi|Q                   ;
; 16bitR:Imm16WB|NbitRegister:inst1|BitRegister2:\ffmap:6:ffi|Q               ; Lost Fanouts              ; 16bitR:ImmediateEX|NbitRegister:inste|BitRegister2:\ffmap:6:ffi|Q                   ;
; 16bitR:Imm16WB|NbitRegister:inst1|BitRegister2:\ffmap:5:ffi|Q               ; Lost Fanouts              ; 16bitR:ImmediateEX|NbitRegister:inste|BitRegister2:\ffmap:5:ffi|Q                   ;
; 16bitR:Imm16WB|NbitRegister:inst1|BitRegister2:\ffmap:4:ffi|Q               ; Lost Fanouts              ; 16bitR:ImmediateEX|NbitRegister:inste|BitRegister2:\ffmap:4:ffi|Q                   ;
; 16bitR:Imm16WB|NbitRegister:inst1|BitRegister2:\ffmap:3:ffi|Q               ; Lost Fanouts              ; 16bitR:ImmediateEX|NbitRegister:inste|BitRegister2:\ffmap:3:ffi|Q                   ;
; 16bitR:Imm16WB|NbitRegister:inst1|BitRegister2:\ffmap:2:ffi|Q               ; Lost Fanouts              ; 16bitR:ImmediateEX|NbitRegister:inste|BitRegister2:\ffmap:2:ffi|Q                   ;
; 16bitR:Imm16WB|NbitRegister:inst1|BitRegister2:\ffmap:1:ffi|Q               ; Lost Fanouts              ; 16bitR:ImmediateEX|NbitRegister:inste|BitRegister2:\ffmap:1:ffi|Q                   ;
; 16bitR:Imm16WB|NbitRegister:inst1|BitRegister2:\ffmap:0:ffi|Q               ; Lost Fanouts              ; 16bitR:ImmediateEX|NbitRegister:inste|BitRegister2:\ffmap:0:ffi|Q                   ;
; 1bitBR:MemoryWEnable|NbitRegister:inst1|BitRegister2:\ffmap:0:ffi|Q         ; Lost Fanouts              ; 3bitPSR:deviceSelBuffer|NbitRegister:inst1|BitRegister2:\ffmap:1:ffi|Q              ;
; 1bitBR:ImmSelEnable|NbitRegister:inst1|BitRegister2:\ffmap:0:ffi|Q          ; Lost Fanouts              ; 3bitPSR:inst28|NbitRegister:inst1|BitRegister2:\ffmap:1:ffi|Q                       ;
; 1bitBR:RegEnable|NbitRegister:inst1|BitRegister2:\ffmap:0:ffi|Q             ; Lost Fanouts              ; 3bitPSR:deviceSelBuffer|NbitRegister:inst1|BitRegister2:\ffmap:0:ffi|Q              ;
; ProgramCounter:inst9|NbitRegister:LINK_REGISTER|BitRegister2:\ffmap:8:ffi|Q ; Lost Fanouts              ; ProgramCounter:inst9|NbitDFF:dafdf|\ffmap:8:ffi                                     ;
; ProgramCounter:inst9|NbitRegister:LINK_REGISTER|BitRegister2:\ffmap:7:ffi|Q ; Lost Fanouts              ; ProgramCounter:inst9|NbitDFF:dafdf|\ffmap:7:ffi                                     ;
; ProgramCounter:inst9|NbitRegister:LINK_REGISTER|BitRegister2:\ffmap:6:ffi|Q ; Lost Fanouts              ; ProgramCounter:inst9|NbitDFF:dafdf|\ffmap:6:ffi                                     ;
; ProgramCounter:inst9|NbitRegister:LINK_REGISTER|BitRegister2:\ffmap:5:ffi|Q ; Lost Fanouts              ; ProgramCounter:inst9|NbitDFF:dafdf|\ffmap:5:ffi                                     ;
; ProgramCounter:inst9|NbitRegister:LINK_REGISTER|BitRegister2:\ffmap:4:ffi|Q ; Lost Fanouts              ; ProgramCounter:inst9|NbitDFF:dafdf|\ffmap:4:ffi                                     ;
; ProgramCounter:inst9|NbitRegister:LINK_REGISTER|BitRegister2:\ffmap:3:ffi|Q ; Lost Fanouts              ; ProgramCounter:inst9|NbitDFF:dafdf|\ffmap:3:ffi                                     ;
; ProgramCounter:inst9|NbitRegister:LINK_REGISTER|BitRegister2:\ffmap:2:ffi|Q ; Lost Fanouts              ; ProgramCounter:inst9|NbitDFF:dafdf|\ffmap:2:ffi                                     ;
; ProgramCounter:inst9|NbitRegister:LINK_REGISTER|BitRegister2:\ffmap:1:ffi|Q ; Lost Fanouts              ; ProgramCounter:inst9|NbitDFF:dafdf|\ffmap:1:ffi                                     ;
; ProgramCounter:inst9|NbitRegister:LINK_REGISTER|BitRegister2:\ffmap:0:ffi|Q ; Lost Fanouts              ; ProgramCounter:inst9|NbitDFF:dafdf|\ffmap:0:ffi                                     ;
+-----------------------------------------------------------------------------+---------------------------+-------------------------------------------------------------------------------------+


+------------------------------------------------------+
; General Register Statistics                          ;
+----------------------------------------------+-------+
; Statistic                                    ; Value ;
+----------------------------------------------+-------+
; Total registers                              ; 0     ;
; Number of registers using Synchronous Clear  ; 0     ;
; Number of registers using Synchronous Load   ; 0     ;
; Number of registers using Asynchronous Clear ; 0     ;
; Number of registers using Asynchronous Load  ; 0     ;
; Number of registers using Clock Enable       ; 0     ;
; Number of registers using Preset             ; 0     ;
+----------------------------------------------+-------+


+-----------------------------------------------------------------+
; Parameter Settings for User Entity Instance: NbitRegister:inst2 ;
+----------------+-------+----------------------------------------+
; Parameter Name ; Value ; Type                                   ;
+----------------+-------+----------------------------------------+
; width          ; 16    ; Signed Integer                         ;
+----------------+-------+----------------------------------------+
Note: In order to hide this table in the UI and the text report file, please set the "Show Parameter Settings in Synthesis Report" option in "Analysis and Synthesis Settings -> More Settings" to "Off".


+-------------------------------------------------------------------------------------+
; Parameter Settings for User Entity Instance: 1bitBR:SsdEnable|NbitRegister:instantN ;
+----------------+-------+------------------------------------------------------------+
; Parameter Name ; Value ; Type                                                       ;
+----------------+-------+------------------------------------------------------------+
; width          ; 1     ; Signed Integer                                             ;
+----------------+-------+------------------------------------------------------------+
Note: In order to hide this table in the UI and the text report file, please set the "Show Parameter Settings in Synthesis Report" option in "Analysis and Synthesis Settings -> More Settings" to "Off".


+----------------------------------------------------------------------------------+
; Parameter Settings for User Entity Instance: 1bitBR:SsdEnable|NbitRegister:inst1 ;
+----------------+-------+---------------------------------------------------------+
; Parameter Name ; Value ; Type                                                    ;
+----------------+-------+---------------------------------------------------------+
; width          ; 1     ; Signed Integer                                          ;
+----------------+-------+---------------------------------------------------------+
Note: In order to hide this table in the UI and the text report file, please set the "Show Parameter Settings in Synthesis Report" option in "Analysis and Synthesis Settings -> More Settings" to "Off".


+-----------------------------------------------------------------------------------------+
; Parameter Settings for User Entity Instance: 3bitPSR:deviceSelBuffer|NbitRegister:inst1 ;
+----------------+-------+----------------------------------------------------------------+
; Parameter Name ; Value ; Type                                                           ;
+----------------+-------+----------------------------------------------------------------+
; width          ; 3     ; Signed Integer                                                 ;
+----------------+-------+----------------------------------------------------------------+
Note: In order to hide this table in the UI and the text report file, please set the "Show Parameter Settings in Synthesis Report" option in "Analysis and Synthesis Settings -> More Settings" to "Off".


+--------------------------------------------------------------------------------------------+
; Parameter Settings for User Entity Instance: 3bitPSR:deviceSelBuffer|NbitRegister:instantp ;
+----------------+-------+-------------------------------------------------------------------+
; Parameter Name ; Value ; Type                                                              ;
+----------------+-------+-------------------------------------------------------------------+
; width          ; 3     ; Signed Integer                                                    ;
+----------------+-------+-------------------------------------------------------------------+
Note: In order to hide this table in the UI and the text report file, please set the "Show Parameter Settings in Synthesis Report" option in "Analysis and Synthesis Settings -> More Settings" to "Off".


+------------------------------------------------------------+
; Parameter Settings for User Entity Instance: BUSMUX:inst62 ;
+----------------+-------+-----------------------------------+
; Parameter Name ; Value ; Type                              ;
+----------------+-------+-----------------------------------+
; WIDTH          ; 4     ; Untyped                           ;
+----------------+-------+-----------------------------------+
Note: In order to hide this table in the UI and the text report file, please set the "Show Parameter Settings in Synthesis Report" option in "Analysis and Synthesis Settings -> More Settings" to "Off".


+--------------------------------------------------------------------------------------------+
; Parameter Settings for User Entity Instance: 16bitR:InstructionRegister|NbitRegister:inste ;
+----------------+-------+-------------------------------------------------------------------+
; Parameter Name ; Value ; Type                                                              ;
+----------------+-------+-------------------------------------------------------------------+
; width          ; 16    ; Signed Integer                                                    ;
+----------------+-------+-------------------------------------------------------------------+
Note: In order to hide this table in the UI and the text report file, please set the "Show Parameter Settings in Synthesis Report" option in "Analysis and Synthesis Settings -> More Settings" to "Off".


+--------------------------------------------------------------------------------------------+
; Parameter Settings for User Entity Instance: 16bitR:InstructionRegister|NbitRegister:inst1 ;
+----------------+-------+-------------------------------------------------------------------+
; Parameter Name ; Value ; Type                                                              ;
+----------------+-------+-------------------------------------------------------------------+
; width          ; 16    ; Signed Integer                                                    ;
+----------------+-------+-------------------------------------------------------------------+
Note: In order to hide this table in the UI and the text report file, please set the "Show Parameter Settings in Synthesis Report" option in "Analysis and Synthesis Settings -> More Settings" to "Off".


+------------------------------------------------------------+
; Parameter Settings for User Entity Instance: BUSMUX:inst61 ;
+----------------+-------+-----------------------------------+
; Parameter Name ; Value ; Type                              ;
+----------------+-------+-----------------------------------+
; WIDTH          ; 16    ; Untyped                           ;
+----------------+-------+-----------------------------------+
Note: In order to hide this table in the UI and the text report file, please set the "Show Parameter Settings in Synthesis Report" option in "Analysis and Synthesis Settings -> More Settings" to "Off".


+----------------------------------------------------------------------------+
; Parameter Settings for User Entity Instance: ROM:ReadOnlyInstructionMemory ;
+----------------+-------+---------------------------------------------------+
; Parameter Name ; Value ; Type                                              ;
+----------------+-------+---------------------------------------------------+
; d_width        ; 16    ; Signed Integer                                    ;
; a_width        ; 9     ; Signed Integer                                    ;
; size           ; 128   ; Signed Integer                                    ;
+----------------+-------+---------------------------------------------------+
Note: In order to hide this table in the UI and the text report file, please set the "Show Parameter Settings in Synthesis Report" option in "Analysis and Synthesis Settings -> More Settings" to "Off".


+--------------------------------------------------------------------------------+
; Parameter Settings for User Entity Instance: ProgramCounter:inst9|BUSMUX:inst5 ;
+----------------+-------+-------------------------------------------------------+
; Parameter Name ; Value ; Type                                                  ;
+----------------+-------+-------------------------------------------------------+
; WIDTH          ; 9     ; Untyped                                               ;
+----------------+-------+-------------------------------------------------------+
Note: In order to hide this table in the UI and the text report file, please set the "Show Parameter Settings in Synthesis Report" option in "Analysis and Synthesis Settings -> More Settings" to "Off".


+---------------------------------------------------------------------------------+
; Parameter Settings for User Entity Instance: ProgramCounter:inst9|NbitDFF:dafdf ;
+----------------+-------+--------------------------------------------------------+
; Parameter Name ; Value ; Type                                                   ;
+----------------+-------+--------------------------------------------------------+
; width          ; 9     ; Signed Integer                                         ;
+----------------+-------+--------------------------------------------------------+
Note: In order to hide this table in the UI and the text report file, please set the "Show Parameter Settings in Synthesis Report" option in "Analysis and Synthesis Settings -> More Settings" to "Off".


+---------------------------------------------------------------------------------+
; Parameter Settings for User Entity Instance: ProgramCounter:inst9|BUSMUX:inst45 ;
+----------------+-------+--------------------------------------------------------+
; Parameter Name ; Value ; Type                                                   ;
+----------------+-------+--------------------------------------------------------+
; WIDTH          ; 9     ; Untyped                                                ;
+----------------+-------+--------------------------------------------------------+
Note: In order to hide this table in the UI and the text report file, please set the "Show Parameter Settings in Synthesis Report" option in "Analysis and Synthesis Settings -> More Settings" to "Off".


+-------------------------------------------------------------------------------------+
; Parameter Settings for User Entity Instance: ProgramCounter:inst9|NbitCounter:inst1 ;
+----------------+-------+------------------------------------------------------------+
; Parameter Name ; Value ; Type                                                       ;
+----------------+-------+------------------------------------------------------------+
; width          ; 9     ; Signed Integer                                             ;
+----------------+-------+------------------------------------------------------------+
Note: In order to hide this table in the UI and the text report file, please set the "Show Parameter Settings in Synthesis Report" option in "Analysis and Synthesis Settings -> More Settings" to "Off".


+--------------------------------------------------------------------------------+
; Parameter Settings for User Entity Instance: ProgramCounter:inst9|BUSMUX:inst4 ;
+----------------+-------+-------------------------------------------------------+
; Parameter Name ; Value ; Type                                                  ;
+----------------+-------+-------------------------------------------------------+
; WIDTH          ; 9     ; Untyped                                               ;
+----------------+-------+-------------------------------------------------------+
Note: In order to hide this table in the UI and the text report file, please set the "Show Parameter Settings in Synthesis Report" option in "Analysis and Synthesis Settings -> More Settings" to "Off".


+----------------------------------------------------------------------------------------------+
; Parameter Settings for User Entity Instance: ProgramCounter:inst9|NbitRegister:LINK_REGISTER ;
+----------------+-------+---------------------------------------------------------------------+
; Parameter Name ; Value ; Type                                                                ;
+----------------+-------+---------------------------------------------------------------------+
; width          ; 9     ; Signed Integer                                                      ;
+----------------+-------+---------------------------------------------------------------------+
Note: In order to hide this table in the UI and the text report file, please set the "Show Parameter Settings in Synthesis Report" option in "Analysis and Synthesis Settings -> More Settings" to "Off".


+-----------------------------------------------------------------+
; Parameter Settings for User Entity Instance: CmpBranchUnit:unit ;
+----------------+-------+----------------------------------------+
; Parameter Name ; Value ; Type                                   ;
+----------------+-------+----------------------------------------+
; width          ; 16    ; Signed Integer                         ;
+----------------+-------+----------------------------------------+
Note: In order to hide this table in the UI and the text report file, please set the "Show Parameter Settings in Synthesis Report" option in "Analysis and Synthesis Settings -> More Settings" to "Off".


+----------------------------------------------------------+
; Parameter Settings for User Entity Instance: BUSMUX:SelA ;
+----------------+-------+---------------------------------+
; Parameter Name ; Value ; Type                            ;
+----------------+-------+---------------------------------+
; WIDTH          ; 16    ; Signed Integer                  ;
+----------------+-------+---------------------------------+
Note: In order to hide this table in the UI and the text report file, please set the "Show Parameter Settings in Synthesis Report" option in "Analysis and Synthesis Settings -> More Settings" to "Off".


+----------------------------------------------------------------------------------+
; Parameter Settings for User Entity Instance: 12bitR:Operands|NbitRegister:instas ;
+----------------+-------+---------------------------------------------------------+
; Parameter Name ; Value ; Type                                                    ;
+----------------+-------+---------------------------------------------------------+
; width          ; 12    ; Signed Integer                                          ;
+----------------+-------+---------------------------------------------------------+
Note: In order to hide this table in the UI and the text report file, please set the "Show Parameter Settings in Synthesis Report" option in "Analysis and Synthesis Settings -> More Settings" to "Off".


+---------------------------------------------------------------------------------+
; Parameter Settings for User Entity Instance: 12bitR:Operands|NbitRegister:inst1 ;
+----------------+-------+--------------------------------------------------------+
; Parameter Name ; Value ; Type                                                   ;
+----------------+-------+--------------------------------------------------------+
; width          ; 12    ; Signed Integer                                         ;
+----------------+-------+--------------------------------------------------------+
Note: In order to hide this table in the UI and the text report file, please set the "Show Parameter Settings in Synthesis Report" option in "Analysis and Synthesis Settings -> More Settings" to "Off".


+--------------------------------------------------------------+
; Parameter Settings for User Entity Instance: REGISTERS:inst3 ;
+----------------+-------+-------------------------------------+
; Parameter Name ; Value ; Type                                ;
+----------------+-------+-------------------------------------+
; a_width        ; 3     ; Signed Integer                      ;
; width          ; 16    ; Signed Integer                      ;
+----------------+-------+-------------------------------------+
Note: In order to hide this table in the UI and the text report file, please set the "Show Parameter Settings in Synthesis Report" option in "Analysis and Synthesis Settings -> More Settings" to "Off".


+-----------------------------------------------------------------------------------+
; Parameter Settings for User Entity Instance: REGISTERS:inst3|NbitDEMUX:write_dmux ;
+----------------+-------+----------------------------------------------------------+
; Parameter Name ; Value ; Type                                                     ;
+----------------+-------+----------------------------------------------------------+
; addr_width     ; 3     ; Signed Integer                                           ;
+----------------+-------+----------------------------------------------------------+
Note: In order to hide this table in the UI and the text report file, please set the "Show Parameter Settings in Synthesis Report" option in "Analysis and Synthesis Settings -> More Settings" to "Off".


+------------------------------------------------------------------------------+
; Parameter Settings for User Entity Instance: REGISTERS:inst3|NbitN_1MUX:amux ;
+----------------+-------+-----------------------------------------------------+
; Parameter Name ; Value ; Type                                                ;
+----------------+-------+-----------------------------------------------------+
; bits           ; 3     ; Signed Integer                                      ;
; width          ; 16    ; Signed Integer                                      ;
+----------------+-------+-----------------------------------------------------+
Note: In order to hide this table in the UI and the text report file, please set the "Show Parameter Settings in Synthesis Report" option in "Analysis and Synthesis Settings -> More Settings" to "Off".


+------------------------------------------------------------------------------+
; Parameter Settings for User Entity Instance: REGISTERS:inst3|NbitN_1MUX:bmux ;
+----------------+-------+-----------------------------------------------------+
; Parameter Name ; Value ; Type                                                ;
+----------------+-------+-----------------------------------------------------+
; bits           ; 3     ; Signed Integer                                      ;
; width          ; 16    ; Signed Integer                                      ;
+----------------+-------+-----------------------------------------------------+
Note: In order to hide this table in the UI and the text report file, please set the "Show Parameter Settings in Synthesis Report" option in "Analysis and Synthesis Settings -> More Settings" to "Off".


+-------------------------------------------------------------------------------------------+
; Parameter Settings for User Entity Instance: REGISTERS:inst3|NbitRegister:\registe:0:regi ;
+----------------+-------+------------------------------------------------------------------+
; Parameter Name ; Value ; Type                                                             ;
+----------------+-------+------------------------------------------------------------------+
; WIDTH          ; 16    ; Signed Integer                                                   ;
+----------------+-------+------------------------------------------------------------------+
Note: In order to hide this table in the UI and the text report file, please set the "Show Parameter Settings in Synthesis Report" option in "Analysis and Synthesis Settings -> More Settings" to "Off".


+-------------------------------------------------------------------------------------------+
; Parameter Settings for User Entity Instance: REGISTERS:inst3|NbitRegister:\registe:1:regi ;
+----------------+-------+------------------------------------------------------------------+
; Parameter Name ; Value ; Type                                                             ;
+----------------+-------+------------------------------------------------------------------+
; WIDTH          ; 16    ; Signed Integer                                                   ;
+----------------+-------+------------------------------------------------------------------+
Note: In order to hide this table in the UI and the text report file, please set the "Show Parameter Settings in Synthesis Report" option in "Analysis and Synthesis Settings -> More Settings" to "Off".


+-------------------------------------------------------------------------------------------+
; Parameter Settings for User Entity Instance: REGISTERS:inst3|NbitRegister:\registe:2:regi ;
+----------------+-------+------------------------------------------------------------------+
; Parameter Name ; Value ; Type                                                             ;
+----------------+-------+------------------------------------------------------------------+
; WIDTH          ; 16    ; Signed Integer                                                   ;
+----------------+-------+------------------------------------------------------------------+
Note: In order to hide this table in the UI and the text report file, please set the "Show Parameter Settings in Synthesis Report" option in "Analysis and Synthesis Settings -> More Settings" to "Off".


+-------------------------------------------------------------------------------------------+
; Parameter Settings for User Entity Instance: REGISTERS:inst3|NbitRegister:\registe:3:regi ;
+----------------+-------+------------------------------------------------------------------+
; Parameter Name ; Value ; Type                                                             ;
+----------------+-------+------------------------------------------------------------------+
; WIDTH          ; 16    ; Signed Integer                                                   ;
+----------------+-------+------------------------------------------------------------------+
Note: In order to hide this table in the UI and the text report file, please set the "Show Parameter Settings in Synthesis Report" option in "Analysis and Synthesis Settings -> More Settings" to "Off".


+-------------------------------------------------------------------------------------------+
; Parameter Settings for User Entity Instance: REGISTERS:inst3|NbitRegister:\registe:4:regi ;
+----------------+-------+------------------------------------------------------------------+
; Parameter Name ; Value ; Type                                                             ;
+----------------+-------+------------------------------------------------------------------+
; WIDTH          ; 16    ; Signed Integer                                                   ;
+----------------+-------+------------------------------------------------------------------+
Note: In order to hide this table in the UI and the text report file, please set the "Show Parameter Settings in Synthesis Report" option in "Analysis and Synthesis Settings -> More Settings" to "Off".


+-------------------------------------------------------------------------------------------+
; Parameter Settings for User Entity Instance: REGISTERS:inst3|NbitRegister:\registe:5:regi ;
+----------------+-------+------------------------------------------------------------------+
; Parameter Name ; Value ; Type                                                             ;
+----------------+-------+------------------------------------------------------------------+
; WIDTH          ; 16    ; Signed Integer                                                   ;
+----------------+-------+------------------------------------------------------------------+
Note: In order to hide this table in the UI and the text report file, please set the "Show Parameter Settings in Synthesis Report" option in "Analysis and Synthesis Settings -> More Settings" to "Off".


+-------------------------------------------------------------------------------------------+
; Parameter Settings for User Entity Instance: REGISTERS:inst3|NbitRegister:\registe:6:regi ;
+----------------+-------+------------------------------------------------------------------+
; Parameter Name ; Value ; Type                                                             ;
+----------------+-------+------------------------------------------------------------------+
; WIDTH          ; 16    ; Signed Integer                                                   ;
+----------------+-------+------------------------------------------------------------------+
Note: In order to hide this table in the UI and the text report file, please set the "Show Parameter Settings in Synthesis Report" option in "Analysis and Synthesis Settings -> More Settings" to "Off".


+-------------------------------------------------------------------------------------------+
; Parameter Settings for User Entity Instance: REGISTERS:inst3|NbitRegister:\registe:7:regi ;
+----------------+-------+------------------------------------------------------------------+
; Parameter Name ; Value ; Type                                                             ;
+----------------+-------+------------------------------------------------------------------+
; WIDTH          ; 16    ; Signed Integer                                                   ;
+----------------+-------+------------------------------------------------------------------+
Note: In order to hide this table in the UI and the text report file, please set the "Show Parameter Settings in Synthesis Report" option in "Analysis and Synthesis Settings -> More Settings" to "Off".


+-------------------------------------------------------------------------------------+
; Parameter Settings for User Entity Instance: 1bitBR:RegEnable|NbitRegister:instantN ;
+----------------+-------+------------------------------------------------------------+
; Parameter Name ; Value ; Type                                                       ;
+----------------+-------+------------------------------------------------------------+
; width          ; 1     ; Signed Integer                                             ;
+----------------+-------+------------------------------------------------------------+
Note: In order to hide this table in the UI and the text report file, please set the "Show Parameter Settings in Synthesis Report" option in "Analysis and Synthesis Settings -> More Settings" to "Off".


+----------------------------------------------------------------------------------+
; Parameter Settings for User Entity Instance: 1bitBR:RegEnable|NbitRegister:inst1 ;
+----------------+-------+---------------------------------------------------------+
; Parameter Name ; Value ; Type                                                    ;
+----------------+-------+---------------------------------------------------------+
; width          ; 1     ; Signed Integer                                          ;
+----------------+-------+---------------------------------------------------------+
Note: In order to hide this table in the UI and the text report file, please set the "Show Parameter Settings in Synthesis Report" option in "Analysis and Synthesis Settings -> More Settings" to "Off".


+------------------------------------------------------------+
; Parameter Settings for User Entity Instance: BUSMUX:inst33 ;
+----------------+-------+-----------------------------------+
; Parameter Name ; Value ; Type                              ;
+----------------+-------+-----------------------------------+
; WIDTH          ; 16    ; Signed Integer                    ;
+----------------+-------+-----------------------------------+
Note: In order to hide this table in the UI and the text report file, please set the "Show Parameter Settings in Synthesis Report" option in "Analysis and Synthesis Settings -> More Settings" to "Off".


+------------------------------------------------------------------------------------+
; Parameter Settings for User Entity Instance: 1bitBR:LoadWord|NbitRegister:instantN ;
+----------------+-------+-----------------------------------------------------------+
; Parameter Name ; Value ; Type                                                      ;
+----------------+-------+-----------------------------------------------------------+
; width          ; 1     ; Signed Integer                                            ;
+----------------+-------+-----------------------------------------------------------+
Note: In order to hide this table in the UI and the text report file, please set the "Show Parameter Settings in Synthesis Report" option in "Analysis and Synthesis Settings -> More Settings" to "Off".


+---------------------------------------------------------------------------------+
; Parameter Settings for User Entity Instance: 1bitBR:LoadWord|NbitRegister:inst1 ;
+----------------+-------+--------------------------------------------------------+
; Parameter Name ; Value ; Type                                                   ;
+----------------+-------+--------------------------------------------------------+
; width          ; 1     ; Signed Integer                                         ;
+----------------+-------+--------------------------------------------------------+
Note: In order to hide this table in the UI and the text report file, please set the "Show Parameter Settings in Synthesis Report" option in "Analysis and Synthesis Settings -> More Settings" to "Off".


+--------------------------------------------------------------------------------+
; Parameter Settings for User Entity Instance: 3bitPSR:inst28|NbitRegister:inst1 ;
+----------------+-------+-------------------------------------------------------+
; Parameter Name ; Value ; Type                                                  ;
+----------------+-------+-------------------------------------------------------+
; width          ; 3     ; Signed Integer                                        ;
+----------------+-------+-------------------------------------------------------+
Note: In order to hide this table in the UI and the text report file, please set the "Show Parameter Settings in Synthesis Report" option in "Analysis and Synthesis Settings -> More Settings" to "Off".


+-----------------------------------------------------------------------------------+
; Parameter Settings for User Entity Instance: 3bitPSR:inst28|NbitRegister:instantp ;
+----------------+-------+----------------------------------------------------------+
; Parameter Name ; Value ; Type                                                     ;
+----------------+-------+----------------------------------------------------------+
; width          ; 3     ; Signed Integer                                           ;
+----------------+-------+----------------------------------------------------------+
Note: In order to hide this table in the UI and the text report file, please set the "Show Parameter Settings in Synthesis Report" option in "Analysis and Synthesis Settings -> More Settings" to "Off".


+----------------------------------------------------------------------------------------+
; Parameter Settings for User Entity Instance: 1bitBR:ImmSelEnable|NbitRegister:instantN ;
+----------------+-------+---------------------------------------------------------------+
; Parameter Name ; Value ; Type                                                          ;
+----------------+-------+---------------------------------------------------------------+
; width          ; 1     ; Signed Integer                                                ;
+----------------+-------+---------------------------------------------------------------+
Note: In order to hide this table in the UI and the text report file, please set the "Show Parameter Settings in Synthesis Report" option in "Analysis and Synthesis Settings -> More Settings" to "Off".


+-------------------------------------------------------------------------------------+
; Parameter Settings for User Entity Instance: 1bitBR:ImmSelEnable|NbitRegister:inst1 ;
+----------------+-------+------------------------------------------------------------+
; Parameter Name ; Value ; Type                                                       ;
+----------------+-------+------------------------------------------------------------+
; width          ; 1     ; Signed Integer                                             ;
+----------------+-------+------------------------------------------------------------+
Note: In order to hide this table in the UI and the text report file, please set the "Show Parameter Settings in Synthesis Report" option in "Analysis and Synthesis Settings -> More Settings" to "Off".


+------------------------------------------------------------+
; Parameter Settings for User Entity Instance: BUSMUX:inst35 ;
+----------------+-------+-----------------------------------+
; Parameter Name ; Value ; Type                              ;
+----------------+-------+-----------------------------------+
; WIDTH          ; 16    ; Signed Integer                    ;
+----------------+-------+-----------------------------------+
Note: In order to hide this table in the UI and the text report file, please set the "Show Parameter Settings in Synthesis Report" option in "Analysis and Synthesis Settings -> More Settings" to "Off".


+---------------------------------------------------------------------------------------+
; Parameter Settings for User Entity Instance: 1bitBR:SwSelBuffer|NbitRegister:instantN ;
+----------------+-------+--------------------------------------------------------------+
; Parameter Name ; Value ; Type                                                         ;
+----------------+-------+--------------------------------------------------------------+
; width          ; 1     ; Signed Integer                                               ;
+----------------+-------+--------------------------------------------------------------+
Note: In order to hide this table in the UI and the text report file, please set the "Show Parameter Settings in Synthesis Report" option in "Analysis and Synthesis Settings -> More Settings" to "Off".


+------------------------------------------------------------------------------------+
; Parameter Settings for User Entity Instance: 1bitBR:SwSelBuffer|NbitRegister:inst1 ;
+----------------+-------+-----------------------------------------------------------+
; Parameter Name ; Value ; Type                                                      ;
+----------------+-------+-----------------------------------------------------------+
; width          ; 1     ; Signed Integer                                            ;
+----------------+-------+-----------------------------------------------------------+
Note: In order to hide this table in the UI and the text report file, please set the "Show Parameter Settings in Synthesis Report" option in "Analysis and Synthesis Settings -> More Settings" to "Off".


+-----------------------------------------------------------------------------------+
; Parameter Settings for User Entity Instance: 16bitR:ExecuteOUT|NbitRegister:inste ;
+----------------+-------+----------------------------------------------------------+
; Parameter Name ; Value ; Type                                                     ;
+----------------+-------+----------------------------------------------------------+
; width          ; 16    ; Signed Integer                                           ;
+----------------+-------+----------------------------------------------------------+
Note: In order to hide this table in the UI and the text report file, please set the "Show Parameter Settings in Synthesis Report" option in "Analysis and Synthesis Settings -> More Settings" to "Off".


+-----------------------------------------------------------------------------------+
; Parameter Settings for User Entity Instance: 16bitR:ExecuteOUT|NbitRegister:inst1 ;
+----------------+-------+----------------------------------------------------------+
; Parameter Name ; Value ; Type                                                     ;
+----------------+-------+----------------------------------------------------------+
; width          ; 16    ; Signed Integer                                           ;
+----------------+-------+----------------------------------------------------------+
Note: In order to hide this table in the UI and the text report file, please set the "Show Parameter Settings in Synthesis Report" option in "Analysis and Synthesis Settings -> More Settings" to "Off".


+------------------------------------------------------------+
; Parameter Settings for User Entity Instance: BUSMUX:inst30 ;
+----------------+-------+-----------------------------------+
; Parameter Name ; Value ; Type                              ;
+----------------+-------+-----------------------------------+
; WIDTH          ; 16    ; Signed Integer                    ;
+----------------+-------+-----------------------------------+
Note: In order to hide this table in the UI and the text report file, please set the "Show Parameter Settings in Synthesis Report" option in "Analysis and Synthesis Settings -> More Settings" to "Off".


+-----------------------------------------------------------------------------------------+
; Parameter Settings for User Entity Instance: 1bitBR:ExecuteOutSel|NbitRegister:instantN ;
+----------------+-------+----------------------------------------------------------------+
; Parameter Name ; Value ; Type                                                           ;
+----------------+-------+----------------------------------------------------------------+
; width          ; 1     ; Signed Integer                                                 ;
+----------------+-------+----------------------------------------------------------------+
Note: In order to hide this table in the UI and the text report file, please set the "Show Parameter Settings in Synthesis Report" option in "Analysis and Synthesis Settings -> More Settings" to "Off".


+--------------------------------------------------------------------------------------+
; Parameter Settings for User Entity Instance: 1bitBR:ExecuteOutSel|NbitRegister:inst1 ;
+----------------+-------+-------------------------------------------------------------+
; Parameter Name ; Value ; Type                                                        ;
+----------------+-------+-------------------------------------------------------------+
; width          ; 1     ; Signed Integer                                              ;
+----------------+-------+-------------------------------------------------------------+
Note: In order to hide this table in the UI and the text report file, please set the "Show Parameter Settings in Synthesis Report" option in "Analysis and Synthesis Settings -> More Settings" to "Off".


+--------------------------------------------------------+
; Parameter Settings for User Entity Instance: ALU:inst6 ;
+----------------+-------+-------------------------------+
; Parameter Name ; Value ; Type                          ;
+----------------+-------+-------------------------------+
; width          ; 16    ; Signed Integer                ;
+----------------+-------+-------------------------------+
Note: In order to hide this table in the UI and the text report file, please set the "Show Parameter Settings in Synthesis Report" option in "Analysis and Synthesis Settings -> More Settings" to "Off".


+--------------------------------------------------------------------------------+
; Parameter Settings for User Entity Instance: 16bitR:ABuffer|NbitRegister:inste ;
+----------------+-------+-------------------------------------------------------+
; Parameter Name ; Value ; Type                                                  ;
+----------------+-------+-------------------------------------------------------+
; width          ; 16    ; Signed Integer                                        ;
+----------------+-------+-------------------------------------------------------+
Note: In order to hide this table in the UI and the text report file, please set the "Show Parameter Settings in Synthesis Report" option in "Analysis and Synthesis Settings -> More Settings" to "Off".


+--------------------------------------------------------------------------------+
; Parameter Settings for User Entity Instance: 16bitR:ABuffer|NbitRegister:inst1 ;
+----------------+-------+-------------------------------------------------------+
; Parameter Name ; Value ; Type                                                  ;
+----------------+-------+-------------------------------------------------------+
; width          ; 16    ; Signed Integer                                        ;
+----------------+-------+-------------------------------------------------------+
Note: In order to hide this table in the UI and the text report file, please set the "Show Parameter Settings in Synthesis Report" option in "Analysis and Synthesis Settings -> More Settings" to "Off".


+-------------------------------------------------------------+
; Parameter Settings for User Entity Instance: BUSMUX:immBMux ;
+----------------+-------+------------------------------------+
; Parameter Name ; Value ; Type                               ;
+----------------+-------+------------------------------------+
; WIDTH          ; 16    ; Signed Integer                     ;
+----------------+-------+------------------------------------+
Note: In order to hide this table in the UI and the text report file, please set the "Show Parameter Settings in Synthesis Report" option in "Analysis and Synthesis Settings -> More Settings" to "Off".


+-----------------------------------------------------------------------------------------+
; Parameter Settings for User Entity Instance: 1bitBR:ImmediateBSel|NbitRegister:instantN ;
+----------------+-------+----------------------------------------------------------------+
; Parameter Name ; Value ; Type                                                           ;
+----------------+-------+----------------------------------------------------------------+
; width          ; 1     ; Signed Integer                                                 ;
+----------------+-------+----------------------------------------------------------------+
Note: In order to hide this table in the UI and the text report file, please set the "Show Parameter Settings in Synthesis Report" option in "Analysis and Synthesis Settings -> More Settings" to "Off".


+--------------------------------------------------------------------------------------+
; Parameter Settings for User Entity Instance: 1bitBR:ImmediateBSel|NbitRegister:inst1 ;
+----------------+-------+-------------------------------------------------------------+
; Parameter Name ; Value ; Type                                                        ;
+----------------+-------+-------------------------------------------------------------+
; width          ; 1     ; Signed Integer                                              ;
+----------------+-------+-------------------------------------------------------------+
Note: In order to hide this table in the UI and the text report file, please set the "Show Parameter Settings in Synthesis Report" option in "Analysis and Synthesis Settings -> More Settings" to "Off".


+--------------------------------------------------------------------------------+
; Parameter Settings for User Entity Instance: 16bitR:BBuffer|NbitRegister:inste ;
+----------------+-------+-------------------------------------------------------+
; Parameter Name ; Value ; Type                                                  ;
+----------------+-------+-------------------------------------------------------+
; width          ; 16    ; Signed Integer                                        ;
+----------------+-------+-------------------------------------------------------+
Note: In order to hide this table in the UI and the text report file, please set the "Show Parameter Settings in Synthesis Report" option in "Analysis and Synthesis Settings -> More Settings" to "Off".


+--------------------------------------------------------------------------------+
; Parameter Settings for User Entity Instance: 16bitR:BBuffer|NbitRegister:inst1 ;
+----------------+-------+-------------------------------------------------------+
; Parameter Name ; Value ; Type                                                  ;
+----------------+-------+-------------------------------------------------------+
; width          ; 16    ; Signed Integer                                        ;
+----------------+-------+-------------------------------------------------------+
Note: In order to hide this table in the UI and the text report file, please set the "Show Parameter Settings in Synthesis Report" option in "Analysis and Synthesis Settings -> More Settings" to "Off".


+----------------------------------------------------------+
; Parameter Settings for User Entity Instance: BUSMUX:SelB ;
+----------------+-------+---------------------------------+
; Parameter Name ; Value ; Type                            ;
+----------------+-------+---------------------------------+
; WIDTH          ; 16    ; Signed Integer                  ;
+----------------+-------+---------------------------------+
Note: In order to hide this table in the UI and the text report file, please set the "Show Parameter Settings in Synthesis Report" option in "Analysis and Synthesis Settings -> More Settings" to "Off".


+------------------------------------------------------------------------------------+
; Parameter Settings for User Entity Instance: 16bitR:ImmediateEX|NbitRegister:inste ;
+----------------+-------+-----------------------------------------------------------+
; Parameter Name ; Value ; Type                                                      ;
+----------------+-------+-----------------------------------------------------------+
; width          ; 16    ; Signed Integer                                            ;
+----------------+-------+-----------------------------------------------------------+
Note: In order to hide this table in the UI and the text report file, please set the "Show Parameter Settings in Synthesis Report" option in "Analysis and Synthesis Settings -> More Settings" to "Off".


+------------------------------------------------------------------------------------+
; Parameter Settings for User Entity Instance: 16bitR:ImmediateEX|NbitRegister:inst1 ;
+----------------+-------+-----------------------------------------------------------+
; Parameter Name ; Value ; Type                                                      ;
+----------------+-------+-----------------------------------------------------------+
; width          ; 16    ; Signed Integer                                            ;
+----------------+-------+-----------------------------------------------------------+
Note: In order to hide this table in the UI and the text report file, please set the "Show Parameter Settings in Synthesis Report" option in "Analysis and Synthesis Settings -> More Settings" to "Off".


+------------------------------------------------------------------------------------------+
; Parameter Settings for User Entity Instance: 16bitR:ImmediateRegister|NbitRegister:inste ;
+----------------+-------+-----------------------------------------------------------------+
; Parameter Name ; Value ; Type                                                            ;
+----------------+-------+-----------------------------------------------------------------+
; width          ; 16    ; Signed Integer                                                  ;
+----------------+-------+-----------------------------------------------------------------+
Note: In order to hide this table in the UI and the text report file, please set the "Show Parameter Settings in Synthesis Report" option in "Analysis and Synthesis Settings -> More Settings" to "Off".


+------------------------------------------------------------------------------------------+
; Parameter Settings for User Entity Instance: 16bitR:ImmediateRegister|NbitRegister:inst1 ;
+----------------+-------+-----------------------------------------------------------------+
; Parameter Name ; Value ; Type                                                            ;
+----------------+-------+-----------------------------------------------------------------+
; width          ; 16    ; Signed Integer                                                  ;
+----------------+-------+-----------------------------------------------------------------+
Note: In order to hide this table in the UI and the text report file, please set the "Show Parameter Settings in Synthesis Report" option in "Analysis and Synthesis Settings -> More Settings" to "Off".


+------------------------------------------------------------+
; Parameter Settings for User Entity Instance: BUSMUX:inst32 ;
+----------------+-------+-----------------------------------+
; Parameter Name ; Value ; Type                              ;
+----------------+-------+-----------------------------------+
; WIDTH          ; 16    ; Signed Integer                    ;
+----------------+-------+-----------------------------------+
Note: In order to hide this table in the UI and the text report file, please set the "Show Parameter Settings in Synthesis Report" option in "Analysis and Synthesis Settings -> More Settings" to "Off".


+----------------------------------------------------------------+
; Parameter Settings for User Entity Instance: RAM:ProgramMemory ;
+----------------+-------+---------------------------------------+
; Parameter Name ; Value ; Type                                  ;
+----------------+-------+---------------------------------------+
; d_width        ; 16    ; Signed Integer                        ;
; a_width        ; 9     ; Signed Integer                        ;
; size           ; 128   ; Signed Integer                        ;
+----------------+-------+---------------------------------------+
Note: In order to hide this table in the UI and the text report file, please set the "Show Parameter Settings in Synthesis Report" option in "Analysis and Synthesis Settings -> More Settings" to "Off".


+-----------------------------------------------------------------------------------------+
; Parameter Settings for User Entity Instance: 1bitBR:MemoryWEnable|NbitRegister:instantN ;
+----------------+-------+----------------------------------------------------------------+
; Parameter Name ; Value ; Type                                                           ;
+----------------+-------+----------------------------------------------------------------+
; width          ; 1     ; Signed Integer                                                 ;
+----------------+-------+----------------------------------------------------------------+
Note: In order to hide this table in the UI and the text report file, please set the "Show Parameter Settings in Synthesis Report" option in "Analysis and Synthesis Settings -> More Settings" to "Off".


+--------------------------------------------------------------------------------------+
; Parameter Settings for User Entity Instance: 1bitBR:MemoryWEnable|NbitRegister:inst1 ;
+----------------+-------+-------------------------------------------------------------+
; Parameter Name ; Value ; Type                                                        ;
+----------------+-------+-------------------------------------------------------------+
; width          ; 1     ; Signed Integer                                              ;
+----------------+-------+-------------------------------------------------------------+
Note: In order to hide this table in the UI and the text report file, please set the "Show Parameter Settings in Synthesis Report" option in "Analysis and Synthesis Settings -> More Settings" to "Off".


+---------------------------------------------------------------------------------+
; Parameter Settings for User Entity Instance: 12bitR:imm12WB|NbitRegister:instas ;
+----------------+-------+--------------------------------------------------------+
; Parameter Name ; Value ; Type                                                   ;
+----------------+-------+--------------------------------------------------------+
; width          ; 12    ; Signed Integer                                         ;
+----------------+-------+--------------------------------------------------------+
Note: In order to hide this table in the UI and the text report file, please set the "Show Parameter Settings in Synthesis Report" option in "Analysis and Synthesis Settings -> More Settings" to "Off".


+--------------------------------------------------------------------------------+
; Parameter Settings for User Entity Instance: 12bitR:imm12WB|NbitRegister:inst1 ;
+----------------+-------+-------------------------------------------------------+
; Parameter Name ; Value ; Type                                                  ;
+----------------+-------+-------------------------------------------------------+
; width          ; 12    ; Signed Integer                                        ;
+----------------+-------+-------------------------------------------------------+
Note: In order to hide this table in the UI and the text report file, please set the "Show Parameter Settings in Synthesis Report" option in "Analysis and Synthesis Settings -> More Settings" to "Off".


+--------------------------------------------------------------------------------+
; Parameter Settings for User Entity Instance: 16bitR:Imm16WB|NbitRegister:inste ;
+----------------+-------+-------------------------------------------------------+
; Parameter Name ; Value ; Type                                                  ;
+----------------+-------+-------------------------------------------------------+
; width          ; 16    ; Signed Integer                                        ;
+----------------+-------+-------------------------------------------------------+
Note: In order to hide this table in the UI and the text report file, please set the "Show Parameter Settings in Synthesis Report" option in "Analysis and Synthesis Settings -> More Settings" to "Off".


+--------------------------------------------------------------------------------+
; Parameter Settings for User Entity Instance: 16bitR:Imm16WB|NbitRegister:inst1 ;
+----------------+-------+-------------------------------------------------------+
; Parameter Name ; Value ; Type                                                  ;
+----------------+-------+-------------------------------------------------------+
; width          ; 16    ; Signed Integer                                        ;
+----------------+-------+-------------------------------------------------------+
Note: In order to hide this table in the UI and the text report file, please set the "Show Parameter Settings in Synthesis Report" option in "Analysis and Synthesis Settings -> More Settings" to "Off".


+--------------------------------------------------------------------------+
; Parameter Settings for User Entity Instance: LPM_CONSTANT:ZERO_CONSTANT8 ;
+--------------------+------------------+----------------------------------+
; Parameter Name     ; Value            ; Type                             ;
+--------------------+------------------+----------------------------------+
; LPM_WIDTH          ; 4                ; Untyped                          ;
; LPM_CVALUE         ; 15               ; Untyped                          ;
; ENABLE_RUNTIME_MOD ; NO               ; Untyped                          ;
; CBXI_PARAMETER     ; lpm_constant_l84 ; Untyped                          ;
+--------------------+------------------+----------------------------------+
Note: In order to hide this table in the UI and the text report file, please set the "Show Parameter Settings in Synthesis Report" option in "Analysis and Synthesis Settings -> More Settings" to "Off".


+-------------------------------------------------------------------------+
; Parameter Settings for User Entity Instance: LPM_CONSTANT:ZERO_CONSTANT ;
+--------------------+------------------+---------------------------------+
; Parameter Name     ; Value            ; Type                            ;
+--------------------+------------------+---------------------------------+
; LPM_WIDTH          ; 16               ; Untyped                         ;
; LPM_CVALUE         ; 0                ; Untyped                         ;
; ENABLE_RUNTIME_MOD ; NO               ; Untyped                         ;
; CBXI_PARAMETER     ; lpm_constant_3n3 ; Untyped                         ;
+--------------------+------------------+---------------------------------+
Note: In order to hide this table in the UI and the text report file, please set the "Show Parameter Settings in Synthesis Report" option in "Analysis and Synthesis Settings -> More Settings" to "Off".


+-----------------------------------------------------+
; Post-Synthesis Netlist Statistics for Top Partition ;
+-----------------------+-----------------------------+
; Type                  ; Count                       ;
+-----------------------+-----------------------------+
; boundary_port         ; 39                          ;
; cycloneiii_lcell_comb ; 2                           ;
;     normal            ; 2                           ;
;         0 data inputs ; 2                           ;
;                       ;                             ;
; Max LUT depth         ; 0.00                        ;
; Average LUT depth     ; 0.00                        ;
+-----------------------+-----------------------------+


+-------------------------------+
; Elapsed Time Per Partition    ;
+----------------+--------------+
; Partition Name ; Elapsed Time ;
+----------------+--------------+
; Top            ; 00:00:00     ;
+----------------+--------------+


+-------------------------------+
; Analysis & Synthesis Messages ;
+-------------------------------+
Info: *******************************************************************
Info: Running Quartus Prime Analysis & Synthesis
    Info: Version 25.1std.0 Build 1129 10/21/2025 SC Lite Edition
    Info: Processing started: Sun Oct  4 20:36:56 2026
Info: Command: quartus_map --read_settings_files=on --write_settings_files=off BasicCPU -c BasicCPU
Warning (18236): Number of processors has not been specified which may cause overloading on shared machines.  Set the global assignment NUM_PARALLEL_PROCESSORS in your QSF to an appropriate value for best performance.
Info (20030): Parallel compilation is enabled and will use 12 of the 12 processors detected
Info (12021): Found 2 design units, including 1 entities, in source file memory/nbitdff.vhd
    Info (12022): Found design unit 1: NbitDFF-reg File: C:/Users/Chamk/Desktop/Repo/BasicCPU/Memory/NbitDFF.vhd Line: 23
    Info (12023): Found entity 1: NbitDFF File: C:/Users/Chamk/Desktop/Repo/BasicCPU/Memory/NbitDFF.vhd Line: 7
Info (12021): Found 2 design units, including 1 entities, in source file controlunit.vhd
    Info (12022): Found design unit 1: ControlUnit-orchestration File: C:/Users/Chamk/Desktop/Repo/BasicCPU/ControlUnit.vhd Line: 67
    Info (12023): Found entity 1: ControlUnit File: C:/Users/Chamk/Desktop/Repo/BasicCPU/ControlUnit.vhd Line: 6
Info (12021): Found 2 design units, including 1 entities, in source file memory/rom.vhd
    Info (12022): Found design unit 1: ROM-rame File: C:/Users/Chamk/Desktop/Repo/BasicCPU/Memory/ROM.vhd Line: 23
    Info (12023): Found entity 1: ROM File: C:/Users/Chamk/Desktop/Repo/BasicCPU/Memory/ROM.vhd Line: 7
Info (12021): Found 2 design units, including 1 entities, in source file memory/registers.vhd
    Info (12022): Found design unit 1: REGISTERS-regin File: C:/Users/Chamk/Desktop/Repo/BasicCPU/Memory/registers.vhd Line: 30
    Info (12023): Found entity 1: REGISTERS File: C:/Users/Chamk/Desktop/Repo/BasicCPU/Memory/registers.vhd Line: 5
Info (12021): Found 2 design units, including 1 entities, in source file memory/nbitregister2.vhd
    Info (12022): Found design unit 1: NbitRegisterE-reg File: C:/Users/Chamk/Desktop/Repo/BasicCPU/Memory/NbitRegister2.vhd Line: 22
    Info (12023): Found entity 1: NbitRegisterE File: C:/Users/Chamk/Desktop/Repo/BasicCPU/Memory/NbitRegister2.vhd Line: 8
Info (12021): Found 2 design units, including 1 entities, in source file memory/nbitregister.vhd
    Info (12022): Found design unit 1: NbitRegister-reg File: C:/Users/Chamk/Desktop/Repo/BasicCPU/Memory/NbitRegister.vhd Line: 19
    Info (12023): Found entity 1: NbitRegister File: C:/Users/Chamk/Desktop/Repo/BasicCPU/Memory/NbitRegister.vhd Line: 5
Info (12021): Found 1 design units, including 1 entities, in source file memory/instructionregister.bdf
    Info (12023): Found entity 1: InstructionRegister
Info (12021): Found 1 design units, including 1 entities, in source file memory/bufferedregister.bdf
    Info (12023): Found entity 1: BufferedRegister
Info (12021): Found 2 design units, including 1 entities, in source file memory/bitregister2.vhd
    Info (12022): Found design unit 1: BitRegister2-flipper File: C:/Users/Chamk/Desktop/Repo/BasicCPU/Memory/BitRegister2.vhd Line: 17
    Info (12023): Found entity 1: BitRegister2 File: C:/Users/Chamk/Desktop/Repo/BasicCPU/Memory/BitRegister2.vhd Line: 4
Info (12021): Found 1 design units, including 1 entities, in source file memory/bitregister.bdf
    Info (12023): Found entity 1: BitRegister
Info (12021): Found 2 design units, including 1 entities, in source file misc/retb.vhd
    Info (12022): Found design unit 1: RETB-Behavioral File: C:/Users/Chamk/Desktop/Repo/BasicCPU/Misc/RETB.vhd Line: 12
    Info (12023): Found entity 1: RETB File: C:/Users/Chamk/Desktop/Repo/BasicCPU/Misc/RETB.vhd Line: 4
Info (12021): Found 2 design units, including 1 entities, in source file misc/nbitdemux.vhd
    Info (12022): Found design unit 1: NbitDEMUX-demux File: C:/Users/Chamk/Desktop/Repo/BasicCPU/Misc/NbitDEMUX.vhd Line: 17
    Info (12023): Found entity 1: NbitDEMUX File: C:/Users/Chamk/Desktop/Repo/BasicCPU/Misc/NbitDEMUX.vhd Line: 7
Info (12021): Found 2 design units, including 1 entities, in source file misc/nbitbuffer.vhd
    Info (12022): Found design unit 1: NbitBuffer-buff File: C:/Users/Chamk/Desktop/Repo/BasicCPU/Misc/NbitBuffer.vhd Line: 15
    Info (12023): Found entity 1: NbitBuffer File: C:/Users/Chamk/Desktop/Repo/BasicCPU/Misc/NbitBuffer.vhd Line: 4
Info (12021): Found 2 design units, including 1 entities, in source file misc/nbit2mux.vhd
    Info (12022): Found design unit 1: Nbit2MUX-busmux File: C:/Users/Chamk/Desktop/Repo/BasicCPU/Misc/Nbit2MUX.vhd Line: 18
    Info (12023): Found entity 1: Nbit2MUX File: C:/Users/Chamk/Desktop/Repo/BasicCPU/Misc/Nbit2MUX.vhd Line: 5
Info (12021): Found 2 design units, including 1 entities, in source file misc/hex_to_7seg.vhd
    Info (12022): Found design unit 1: Hex_To_7Seg-Behavioral File: C:/Users/Chamk/Desktop/Repo/BasicCPU/Misc/Hex_To_7Seg.vhd Line: 13
    Info (12023): Found entity 1: Hex_To_7Seg File: C:/Users/Chamk/Desktop/Repo/BasicCPU/Misc/Hex_To_7Seg.vhd Line: 5
Info (12021): Found 1 design units, including 1 entities, in source file misc/bit2_1mux.bdf
    Info (12023): Found entity 1: bit2_1MUX
Info (12021): Found 1 design units, including 1 entities, in source file misc/16bit2ssd.bdf
    Info (12023): Found entity 1: 16bit2SSD
Info (12021): Found 1 design units, including 1 entities, in source file misc/4bit3_1mux.bdf
    Info (12023): Found entity 1: 4bit3_1MUX
Info (12021): Found 2 design units, including 1 entities, in source file alu.vhd
    Info (12022): Found design unit 1: ALU-alu File: C:/Users/Chamk/Desktop/Repo/BasicCPU/ALU.vhd Line: 20
    Info (12023): Found entity 1: ALU File: C:/Users/Chamk/Desktop/Repo/BasicCPU/ALU.vhd Line: 6
Info (12021): Found 2 design units, including 1 entities, in source file logicunit.vhd
    Info (12022): Found design unit 1: LogicUnit-logic File: C:/Users/Chamk/Desktop/Repo/BasicCPU/LogicUnit.vhd Line: 34
    Info (12023): Found entity 1: LogicUnit File: C:/Users/Chamk/Desktop/Repo/BasicCPU/LogicUnit.vhd Line: 8
Info (12021): Found 2 design units, including 1 entities, in source file counter.vhd
    Info (12022): Found design unit 1: NbitCounter-count File: C:/Users/Chamk/Desktop/Repo/BasicCPU/Counter.vhd Line: 19
    Info (12023): Found entity 1: NbitCounter File: C:/Users/Chamk/Desktop/Repo/BasicCPU/Counter.vhd Line: 5
Info (12021): Found 1 design units, including 1 entities, in source file programcounter.bdf
    Info (12023): Found entity 1: ProgramCounter
Info (12021): Found 1 design units, including 1 entities, in source file basiccpu.bdf
    Info (12023): Found entity 1: BasicCPU
Info (12021): Found 2 design units, including 1 entities, in source file arithmeticunit.vhd
    Info (12022): Found design unit 1: ArithmeticUnit-arithmetic File: C:/Users/Chamk/Desktop/Repo/BasicCPU/ArithmeticUnit.vhd Line: 23
    Info (12023): Found entity 1: ArithmeticUnit File: C:/Users/Chamk/Desktop/Repo/BasicCPU/ArithmeticUnit.vhd Line: 7
Info (12021): Found 1 design units, including 1 entities, in source file rb_alu.bdf
    Info (12023): Found entity 1: RB_ALU
Info (12021): Found 1 design units, including 1 entities, in source file flagregisters.bdf
    Info (12023): Found entity 1: FlagRegisters
Info (12021): Found 2 design units, including 1 entities, in source file nbitn_1mux.vhd
    Info (12022): Found design unit 1: NbitN_1MUX-muxmaxing File: C:/Users/Chamk/Desktop/Repo/BasicCPU/NbitN_1MUX.vhd Line: 28
    Info (12023): Found entity 1: NbitN_1MUX File: C:/Users/Chamk/Desktop/Repo/BasicCPU/NbitN_1MUX.vhd Line: 5
Info (12021): Found 2 design units, including 1 entities, in source file memory/ram.vhd
    Info (12022): Found design unit 1: RAM-rame File: C:/Users/Chamk/Desktop/Repo/BasicCPU/Memory/RAM.vhd Line: 26
    Info (12023): Found entity 1: RAM File: C:/Users/Chamk/Desktop/Repo/BasicCPU/Memory/RAM.vhd Line: 7
Info (12021): Found 1 design units, including 1 entities, in source file misc/16bit4_1mux.bdf
    Info (12023): Found entity 1: 16bit4_1MUX
Info (12021): Found 2 design units, including 1 entities, in source file misc/rtype.vhd
    Info (12022): Found design unit 1: R-rtype File: C:/Users/Chamk/Desktop/Repo/BasicCPU/Misc/Rtype.vhd Line: 16
    Info (12023): Found entity 1: R File: C:/Users/Chamk/Desktop/Repo/BasicCPU/Misc/Rtype.vhd Line: 6
Info (12021): Found 1 design units, including 1 entities, in source file misc/16bit2_1.bdf
    Info (12023): Found entity 1: 16bit2_1
Info (12021): Found 1 design units, including 1 entities, in source file misc/16bitr.bdf
    Info (12023): Found entity 1: 16bitR
Info (12021): Found 1 design units, including 1 entities, in source file memory/3bitpsr.bdf
    Info (12023): Found entity 1: 3bitPSR
Info (12021): Found 2 design units, including 1 entities, in source file fwdselunit.vhd
    Info (12022): Found design unit 1: FwdSelUnit-fwdCtrl File: C:/Users/Chamk/Desktop/Repo/BasicCPU/FwdSelUnit.vhd Line: 22
    Info (12023): Found entity 1: FwdSelUnit File: C:/Users/Chamk/Desktop/Repo/BasicCPU/FwdSelUnit.vhd Line: 11
Info (12021): Found 2 design units, including 1 entities, in source file memory/nbitpsr.vhd
    Info (12022): Found design unit 1: NbitPSR-stall File: C:/Users/Chamk/Desktop/Repo/BasicCPU/Memory/NbitPSR.vhd Line: 18
    Info (12023): Found entity 1: NbitPSR File: C:/Users/Chamk/Desktop/Repo/BasicCPU/Memory/NbitPSR.vhd Line: 6
Info (12021): Found 2 design units, including 1 entities, in source file branchunit.vhd
    Info (12022): Found design unit 1: BranchUnit-branches File: C:/Users/Chamk/Desktop/Repo/BasicCPU/BranchUnit.vhd Line: 15
    Info (12023): Found entity 1: BranchUnit File: C:/Users/Chamk/Desktop/Repo/BasicCPU/BranchUnit.vhd Line: 5
Info (12021): Found 2 design units, including 1 entities, in source file cmpunit.vhd
    Info (12022): Found design unit 1: CmpUnit-compare File: C:/Users/Chamk/Desktop/Repo/BasicCPU/CmpUnit.vhd Line: 20
    Info (12023): Found entity 1: CmpUnit File: C:/Users/Chamk/Desktop/Repo/BasicCPU/CmpUnit.vhd Line: 5
Info (12021): Found 2 design units, including 1 entities, in source file cmpbranchunit.vhd
    Info (12022): Found design unit 1: CmpBranchUnit-compareTheBranches File: C:/Users/Chamk/Desktop/Repo/BasicCPU/CmpBranchUnit.vhd Line: 19
    Info (12023): Found entity 1: CmpBranchUnit File: C:/Users/Chamk/Desktop/Repo/BasicCPU/CmpBranchUnit.vhd Line: 5
Info (12021): Found 1 design units, including 1 entities, in source file misc/12bitr.bdf
    Info (12023): Found entity 1: 12bitR
Info (12021): Found 1 design units, including 1 entities, in source file memory/1bitbr.bdf
    Info (12023): Found entity 1: 1bitBR
Info (12021): Found 2 design units, including 1 entities, in source file shiftunit.vhd
    Info (12022): Found design unit 1: ShiftUnit-shifty File: C:/Users/Chamk/Desktop/Repo/BasicCPU/ShiftUnit.vhd Line: 29
    Info (12023): Found entity 1: ShiftUnit File: C:/Users/Chamk/Desktop/Repo/BasicCPU/ShiftUnit.vhd Line: 6
Info (12127): Elaborating entity "BasicCPU" for the top level hierarchy
Warning (275013): Port "clk" of type 12bitR and instance "Operands" is missing source signal
Warning (275008): Primitive "GND" of instance "inst4" not used
Info (12128): Elaborating entity "16bit2SSD" for hierarchy "16bit2SSD:inst1"
Info (12128): Elaborating entity "Hex_To_7Seg" for hierarchy "16bit2SSD:inst1|Hex_To_7Seg:inst6"
Info (12128): Elaborating entity "NbitRegister" for hierarchy "NbitRegister:inst2"
Info (12128): Elaborating entity "BitRegister2" for hierarchy "NbitRegister:inst2|BitRegister2:\ffmap:0:ffi" File: C:/Users/Chamk/Desktop/Repo/BasicCPU/Memory/NbitRegister.vhd Line: 37
Info (12128): Elaborating entity "1bitBR" for hierarchy "1bitBR:SsdEnable"
Info (12128): Elaborating entity "NbitRegister" for hierarchy "1bitBR:SsdEnable|NbitRegister:instantN"
Info (12128): Elaborating entity "3bitPSR" for hierarchy "3bitPSR:deviceSelBuffer"
Info (12128): Elaborating entity "NbitRegister" for hierarchy "3bitPSR:deviceSelBuffer|NbitRegister:inst1"
Info (12128): Elaborating entity "ControlUnit" for hierarchy "ControlUnit:inst23"
Warning (10541): VHDL Signal Declaration warning at ControlUnit.vhd(35): used implicit default value for signal "BR" because signal was never assigned a value or an explicit default value. Use of implicit default value may introduce unintended design optimizations. File: C:/Users/Chamk/Desktop/Repo/BasicCPU/ControlUnit.vhd Line: 35
Warning (10631): VHDL Process Statement warning at ControlUnit.vhd(70): inferring latch(es) for signal or variable "Halt", which holds its previous value in one or more paths through the process File: C:/Users/Chamk/Desktop/Repo/BasicCPU/ControlUnit.vhd Line: 70
Info (10041): Inferred latch for "Halt" at ControlUnit.vhd(70) File: C:/Users/Chamk/Desktop/Repo/BasicCPU/ControlUnit.vhd Line: 70
Info (12128): Elaborating entity "BUSMUX" for hierarchy "BUSMUX:inst62"
Info (12130): Elaborated megafunction instantiation "BUSMUX:inst62"
Info (12133): Instantiated megafunction "BUSMUX:inst62" with the following parameter:
    Info (12134): Parameter "WIDTH" = "4"
Info (12128): Elaborating entity "lpm_mux" for hierarchy "BUSMUX:inst62|lpm_mux:$00000" File: c:/altera_lite/25.1std/quartus/libraries/megafunctions/busmux.tdf Line: 44
Info (12131): Elaborated megafunction instantiation "BUSMUX:inst62|lpm_mux:$00000", which is child of megafunction instantiation "BUSMUX:inst62" File: c:/altera_lite/25.1std/quartus/libraries/megafunctions/busmux.tdf Line: 44
Info (12021): Found 1 design units, including 1 entities, in source file db/mux_06c.tdf
    Info (12023): Found entity 1: mux_06c File: C:/Users/Chamk/Desktop/Repo/BasicCPU/db/mux_06c.tdf Line: 23
Info (12128): Elaborating entity "mux_06c" for hierarchy "BUSMUX:inst62|lpm_mux:$00000|mux_06c:auto_generated" File: c:/altera_lite/25.1std/quartus/libraries/megafunctions/lpm_mux.tdf Line: 87
Info (12128): Elaborating entity "16bitR" for hierarchy "16bitR:InstructionRegister"
Info (12128): Elaborating entity "BUSMUX" for hierarchy "BUSMUX:inst61"
Info (12130): Elaborated megafunction instantiation "BUSMUX:inst61"
Info (12133): Instantiated megafunction "BUSMUX:inst61" with the following parameter:
    Info (12134): Parameter "WIDTH" = "16"
Info (12128): Elaborating entity "lpm_mux" for hierarchy "BUSMUX:inst61|lpm_mux:$00000" File: c:/altera_lite/25.1std/quartus/libraries/megafunctions/busmux.tdf Line: 44
Info (12131): Elaborated megafunction instantiation "BUSMUX:inst61|lpm_mux:$00000", which is child of megafunction instantiation "BUSMUX:inst61" File: c:/altera_lite/25.1std/quartus/libraries/megafunctions/busmux.tdf Line: 44
Info (12021): Found 1 design units, including 1 entities, in source file db/mux_j7c.tdf
    Info (12023): Found entity 1: mux_j7c File: C:/Users/Chamk/Desktop/Repo/BasicCPU/db/mux_j7c.tdf Line: 23
Info (12128): Elaborating entity "mux_j7c" for hierarchy "BUSMUX:inst61|lpm_mux:$00000|mux_j7c:auto_generated" File: c:/altera_lite/25.1std/quartus/libraries/megafunctions/lpm_mux.tdf Line: 87
Info (12128): Elaborating entity "ROM" for hierarchy "ROM:ReadOnlyInstructionMemory"
Warning (10492): VHDL Process Statement warning at ROM.vhd(63): signal "CODE" is read inside the Process Statement but isn't in the Process Statement's sensitivity list File: C:/Users/Chamk/Desktop/Repo/BasicCPU/Memory/ROM.vhd Line: 63
Warning (10492): VHDL Process Statement warning at ROM.vhd(64): signal "CODE" is read inside the Process Statement but isn't in the Process Statement's sensitivity list File: C:/Users/Chamk/Desktop/Repo/BasicCPU/Memory/ROM.vhd Line: 64
Warning (10631): VHDL Process Statement warning at ROM.vhd(55): inferring latch(es) for signal or variable "Dout", which holds its previous value in one or more paths through the process File: C:/Users/Chamk/Desktop/Repo/BasicCPU/Memory/ROM.vhd Line: 55
Warning (10631): VHDL Process Statement warning at ROM.vhd(55): inferring latch(es) for signal or variable "DoutI", which holds its previous value in one or more paths through the process File: C:/Users/Chamk/Desktop/Repo/BasicCPU/Memory/ROM.vhd Line: 55
Info (10041): Inferred latch for "DoutI[0]" at ROM.vhd(55) File: C:/Users/Chamk/Desktop/Repo/BasicCPU/Memory/ROM.vhd Line: 55
Info (10041): Inferred latch for "DoutI[1]" at ROM.vhd(55) File: C:/Users/Chamk/Desktop/Repo/BasicCPU/Memory/ROM.vhd Line: 55
Info (10041): Inferred latch for "DoutI[2]" at ROM.vhd(55) File: C:/Users/Chamk/Desktop/Repo/BasicCPU/Memory/ROM.vhd Line: 55
Info (10041): Inferred latch for "DoutI[3]" at ROM.vhd(55) File: C:/Users/Chamk/Desktop/Repo/BasicCPU/Memory/ROM.vhd Line: 55
Info (10041): Inferred latch for "DoutI[4]" at ROM.vhd(55) File: C:/Users/Chamk/Desktop/Repo/BasicCPU/Memory/ROM.vhd Line: 55
Info (10041): Inferred latch for "DoutI[5]" at ROM.vhd(55) File: C:/Users/Chamk/Desktop/Repo/BasicCPU/Memory/ROM.vhd Line: 55
Info (10041): Inferred latch for "DoutI[6]" at ROM.vhd(55) File: C:/Users/Chamk/Desktop/Repo/BasicCPU/Memory/ROM.vhd Line: 55
Info (10041): Inferred latch for "DoutI[7]" at ROM.vhd(55) File: C:/Users/Chamk/Desktop/Repo/BasicCPU/Memory/ROM.vhd Line: 55
Info (10041): Inferred latch for "DoutI[8]" at ROM.vhd(55) File: C:/Users/Chamk/Desktop/Repo/BasicCPU/Memory/ROM.vhd Line: 55
Info (10041): Inferred latch for "DoutI[9]" at ROM.vhd(55) File: C:/Users/Chamk/Desktop/Repo/BasicCPU/Memory/ROM.vhd Line: 55
Info (10041): Inferred latch for "DoutI[10]" at ROM.vhd(55) File: C:/Users/Chamk/Desktop/Repo/BasicCPU/Memory/ROM.vhd Line: 55
Info (10041): Inferred latch for "DoutI[11]" at ROM.vhd(55) File: C:/Users/Chamk/Desktop/Repo/BasicCPU/Memory/ROM.vhd Line: 55
Info (10041): Inferred latch for "DoutI[12]" at ROM.vhd(55) File: C:/Users/Chamk/Desktop/Repo/BasicCPU/Memory/ROM.vhd Line: 55
Info (10041): Inferred latch for "DoutI[13]" at ROM.vhd(55) File: C:/Users/Chamk/Desktop/Repo/BasicCPU/Memory/ROM.vhd Line: 55
Info (10041): Inferred latch for "DoutI[14]" at ROM.vhd(55) File: C:/Users/Chamk/Desktop/Repo/BasicCPU/Memory/ROM.vhd Line: 55
Info (10041): Inferred latch for "DoutI[15]" at ROM.vhd(55) File: C:/Users/Chamk/Desktop/Repo/BasicCPU/Memory/ROM.vhd Line: 55
Info (10041): Inferred latch for "Dout[0]" at ROM.vhd(55) File: C:/Users/Chamk/Desktop/Repo/BasicCPU/Memory/ROM.vhd Line: 55
Info (10041): Inferred latch for "Dout[1]" at ROM.vhd(55) File: C:/Users/Chamk/Desktop/Repo/BasicCPU/Memory/ROM.vhd Line: 55
Info (10041): Inferred latch for "Dout[2]" at ROM.vhd(55) File: C:/Users/Chamk/Desktop/Repo/BasicCPU/Memory/ROM.vhd Line: 55
Info (10041): Inferred latch for "Dout[3]" at ROM.vhd(55) File: C:/Users/Chamk/Desktop/Repo/BasicCPU/Memory/ROM.vhd Line: 55
Info (10041): Inferred latch for "Dout[4]" at ROM.vhd(55) File: C:/Users/Chamk/Desktop/Repo/BasicCPU/Memory/ROM.vhd Line: 55
Info (10041): Inferred latch for "Dout[5]" at ROM.vhd(55) File: C:/Users/Chamk/Desktop/Repo/BasicCPU/Memory/ROM.vhd Line: 55
Info (10041): Inferred latch for "Dout[6]" at ROM.vhd(55) File: C:/Users/Chamk/Desktop/Repo/BasicCPU/Memory/ROM.vhd Line: 55
Info (10041): Inferred latch for "Dout[7]" at ROM.vhd(55) File: C:/Users/Chamk/Desktop/Repo/BasicCPU/Memory/ROM.vhd Line: 55
Info (10041): Inferred latch for "Dout[8]" at ROM.vhd(55) File: C:/Users/Chamk/Desktop/Repo/BasicCPU/Memory/ROM.vhd Line: 55
Info (10041): Inferred latch for "Dout[9]" at ROM.vhd(55) File: C:/Users/Chamk/Desktop/Repo/BasicCPU/Memory/ROM.vhd Line: 55
Info (10041): Inferred latch for "Dout[10]" at ROM.vhd(55) File: C:/Users/Chamk/Desktop/Repo/BasicCPU/Memory/ROM.vhd Line: 55
Info (10041): Inferred latch for "Dout[11]" at ROM.vhd(55) File: C:/Users/Chamk/Desktop/Repo/BasicCPU/Memory/ROM.vhd Line: 55
Info (10041): Inferred latch for "Dout[12]" at ROM.vhd(55) File: C:/Users/Chamk/Desktop/Repo/BasicCPU/Memory/ROM.vhd Line: 55
Info (10041): Inferred latch for "Dout[13]" at ROM.vhd(55) File: C:/Users/Chamk/Desktop/Repo/BasicCPU/Memory/ROM.vhd Line: 55
Info (10041): Inferred latch for "Dout[14]" at ROM.vhd(55) File: C:/Users/Chamk/Desktop/Repo/BasicCPU/Memory/ROM.vhd Line: 55
Info (10041): Inferred latch for "Dout[15]" at ROM.vhd(55) File: C:/Users/Chamk/Desktop/Repo/BasicCPU/Memory/ROM.vhd Line: 55
Info (12128): Elaborating entity "ProgramCounter" for hierarchy "ProgramCounter:inst9"
Info (12128): Elaborating entity "BUSMUX" for hierarchy "ProgramCounter:inst9|BUSMUX:inst5"
Info (12130): Elaborated megafunction instantiation "ProgramCounter:inst9|BUSMUX:inst5"
Info (12133): Instantiated megafunction "ProgramCounter:inst9|BUSMUX:inst5" with the following parameter:
    Info (12134): Parameter "WIDTH" = "9"
Info (12128): Elaborating entity "lpm_mux" for hierarchy "ProgramCounter:inst9|BUSMUX:inst5|lpm_mux:$00000" File: c:/altera_lite/25.1std/quartus/libraries/megafunctions/busmux.tdf Line: 44
Info (12131): Elaborated megafunction instantiation "ProgramCounter:inst9|BUSMUX:inst5|lpm_mux:$00000", which is child of megafunction instantiation "ProgramCounter:inst9|BUSMUX:inst5" File: c:/altera_lite/25.1std/quartus/libraries/megafunctions/busmux.tdf Line: 44
Info (12021): Found 1 design units, including 1 entities, in source file db/mux_56c.tdf
    Info (12023): Found entity 1: mux_56c File: C:/Users/Chamk/Desktop/Repo/BasicCPU/db/mux_56c.tdf Line: 23
Info (12128): Elaborating entity "mux_56c" for hierarchy "ProgramCounter:inst9|BUSMUX:inst5|lpm_mux:$00000|mux_56c:auto_generated" File: c:/altera_lite/25.1std/quartus/libraries/megafunctions/lpm_mux.tdf Line: 87
Info (12128): Elaborating entity "NbitDFF" for hierarchy "ProgramCounter:inst9|NbitDFF:dafdf"
Info (12128): Elaborating entity "NbitCounter" for hierarchy "ProgramCounter:inst9|NbitCounter:inst1"
Info (12128): Elaborating entity "NbitRegister" for hierarchy "ProgramCounter:inst9|NbitRegister:LINK_REGISTER"
Info (12128): Elaborating entity "CmpBranchUnit" for hierarchy "CmpBranchUnit:unit"
Info (12128): Elaborating entity "BUSMUX" for hierarchy "BUSMUX:SelA"
Info (12130): Elaborated megafunction instantiation "BUSMUX:SelA"
Info (12133): Instantiated megafunction "BUSMUX:SelA" with the following parameter:
    Info (12134): Parameter "WIDTH" = "16"
Info (12128): Elaborating entity "FwdSelUnit" for hierarchy "FwdSelUnit:inst46"
Info (12128): Elaborating entity "12bitR" for hierarchy "12bitR:Operands"
Info (12128): Elaborating entity "NbitRegister" for hierarchy "12bitR:Operands|NbitRegister:instas"
Info (12128): Elaborating entity "REGISTERS" for hierarchy "REGISTERS:inst3"
Info (12128): Elaborating entity "NbitDEMUX" for hierarchy "REGISTERS:inst3|NbitDEMUX:write_dmux" File: C:/Users/Chamk/Desktop/Repo/BasicCPU/Memory/registers.vhd Line: 54
Info (12128): Elaborating entity "NbitN_1MUX" for hierarchy "REGISTERS:inst3|NbitN_1MUX:amux" File: C:/Users/Chamk/Desktop/Repo/BasicCPU/Memory/registers.vhd Line: 62
Info (12128): Elaborating entity "NbitRegister" for hierarchy "REGISTERS:inst3|NbitRegister:\registe:0:regi" File: C:/Users/Chamk/Desktop/Repo/BasicCPU/Memory/registers.vhd Line: 79
Info (12128): Elaborating entity "BUSMUX" for hierarchy "BUSMUX:inst35"
Info (12130): Elaborated megafunction instantiation "BUSMUX:inst35"
Info (12133): Instantiated megafunction "BUSMUX:inst35" with the following parameter:
    Info (12134): Parameter "WIDTH" = "16"
Info (12128): Elaborating entity "ALU" for hierarchy "ALU:inst6"
Info (12128): Elaborating entity "RAM" for hierarchy "RAM:ProgramMemory"
Info (12128): Elaborating entity "LPM_CONSTANT" for hierarchy "LPM_CONSTANT:ZERO_CONSTANT8"
Info (12130): Elaborated megafunction instantiation "LPM_CONSTANT:ZERO_CONSTANT8"
Info (12133): Instantiated megafunction "LPM_CONSTANT:ZERO_CONSTANT8" with the following parameter:
    Info (12134): Parameter "LPM_CVALUE" = "15"
    Info (12134): Parameter "LPM_WIDTH" = "4"
Info (12128): Elaborating entity "LPM_CONSTANT" for hierarchy "LPM_CONSTANT:ZERO_CONSTANT"
Info (12130): Elaborated megafunction instantiation "LPM_CONSTANT:ZERO_CONSTANT"
Info (12133): Instantiated megafunction "LPM_CONSTANT:ZERO_CONSTANT" with the following parameter:
    Info (12134): Parameter "LPM_CVALUE" = "0"
    Info (12134): Parameter "LPM_WIDTH" = "16"
Warning (14026): LATCH primitive "ROM:ReadOnlyInstructionMemory|DoutI[1]" is permanently enabled File: C:/Users/Chamk/Desktop/Repo/BasicCPU/Memory/ROM.vhd Line: 55
Warning (14026): LATCH primitive "ROM:ReadOnlyInstructionMemory|DoutI[2]" is permanently enabled File: C:/Users/Chamk/Desktop/Repo/BasicCPU/Memory/ROM.vhd Line: 55
Warning (14026): LATCH primitive "ROM:ReadOnlyInstructionMemory|DoutI[3]" is permanently enabled File: C:/Users/Chamk/Desktop/Repo/BasicCPU/Memory/ROM.vhd Line: 55
Warning (14026): LATCH primitive "ROM:ReadOnlyInstructionMemory|DoutI[4]" is permanently enabled File: C:/Users/Chamk/Desktop/Repo/BasicCPU/Memory/ROM.vhd Line: 55
Warning (14026): LATCH primitive "ROM:ReadOnlyInstructionMemory|DoutI[5]" is permanently enabled File: C:/Users/Chamk/Desktop/Repo/BasicCPU/Memory/ROM.vhd Line: 55
Warning (14026): LATCH primitive "ROM:ReadOnlyInstructionMemory|DoutI[6]" is permanently enabled File: C:/Users/Chamk/Desktop/Repo/BasicCPU/Memory/ROM.vhd Line: 55
Warning (14026): LATCH primitive "ROM:ReadOnlyInstructionMemory|DoutI[7]" is permanently enabled File: C:/Users/Chamk/Desktop/Repo/BasicCPU/Memory/ROM.vhd Line: 55
Warning (14026): LATCH primitive "ROM:ReadOnlyInstructionMemory|DoutI[8]" is permanently enabled File: C:/Users/Chamk/Desktop/Repo/BasicCPU/Memory/ROM.vhd Line: 55
Warning (14026): LATCH primitive "ROM:ReadOnlyInstructionMemory|DoutI[9]" is permanently enabled File: C:/Users/Chamk/Desktop/Repo/BasicCPU/Memory/ROM.vhd Line: 55
Warning (14026): LATCH primitive "ROM:ReadOnlyInstructionMemory|DoutI[10]" is permanently enabled File: C:/Users/Chamk/Desktop/Repo/BasicCPU/Memory/ROM.vhd Line: 55
Warning (14026): LATCH primitive "ROM:ReadOnlyInstructionMemory|DoutI[11]" is permanently enabled File: C:/Users/Chamk/Desktop/Repo/BasicCPU/Memory/ROM.vhd Line: 55
Warning (14026): LATCH primitive "ROM:ReadOnlyInstructionMemory|DoutI[12]" is permanently enabled File: C:/Users/Chamk/Desktop/Repo/BasicCPU/Memory/ROM.vhd Line: 55
Warning (14026): LATCH primitive "ROM:ReadOnlyInstructionMemory|DoutI[13]" is permanently enabled File: C:/Users/Chamk/Desktop/Repo/BasicCPU/Memory/ROM.vhd Line: 55
Warning (14026): LATCH primitive "ROM:ReadOnlyInstructionMemory|DoutI[14]" is permanently enabled File: C:/Users/Chamk/Desktop/Repo/BasicCPU/Memory/ROM.vhd Line: 55
Warning (14026): LATCH primitive "ROM:ReadOnlyInstructionMemory|DoutI[15]" is permanently enabled File: C:/Users/Chamk/Desktop/Repo/BasicCPU/Memory/ROM.vhd Line: 55
Warning (14026): LATCH primitive "ROM:ReadOnlyInstructionMemory|Dout[0]" is permanently enabled File: C:/Users/Chamk/Desktop/Repo/BasicCPU/Memory/ROM.vhd Line: 55
Warning (14026): LATCH primitive "ROM:ReadOnlyInstructionMemory|Dout[1]" is permanently enabled File: C:/Users/Chamk/Desktop/Repo/BasicCPU/Memory/ROM.vhd Line: 55
Warning (14026): LATCH primitive "ROM:ReadOnlyInstructionMemory|Dout[2]" is permanently enabled File: C:/Users/Chamk/Desktop/Repo/BasicCPU/Memory/ROM.vhd Line: 55
Warning (14026): LATCH primitive "ROM:ReadOnlyInstructionMemory|Dout[3]" is permanently enabled File: C:/Users/Chamk/Desktop/Repo/BasicCPU/Memory/ROM.vhd Line: 55
Warning (14026): LATCH primitive "ROM:ReadOnlyInstructionMemory|Dout[4]" is permanently enabled File: C:/Users/Chamk/Desktop/Repo/BasicCPU/Memory/ROM.vhd Line: 55
Warning (14026): LATCH primitive "ROM:ReadOnlyInstructionMemory|Dout[5]" is permanently enabled File: C:/Users/Chamk/Desktop/Repo/BasicCPU/Memory/ROM.vhd Line: 55
Warning (14026): LATCH primitive "ROM:ReadOnlyInstructionMemory|Dout[6]" is permanently enabled File: C:/Users/Chamk/Desktop/Repo/BasicCPU/Memory/ROM.vhd Line: 55
Warning (14026): LATCH primitive "ROM:ReadOnlyInstructionMemory|Dout[7]" is permanently enabled File: C:/Users/Chamk/Desktop/Repo/BasicCPU/Memory/ROM.vhd Line: 55
Warning (14026): LATCH primitive "ROM:ReadOnlyInstructionMemory|Dout[8]" is permanently enabled File: C:/Users/Chamk/Desktop/Repo/BasicCPU/Memory/ROM.vhd Line: 55
Warning (14026): LATCH primitive "ROM:ReadOnlyInstructionMemory|Dout[9]" is permanently enabled File: C:/Users/Chamk/Desktop/Repo/BasicCPU/Memory/ROM.vhd Line: 55
Warning (14026): LATCH primitive "ROM:ReadOnlyInstructionMemory|Dout[10]" is permanently enabled File: C:/Users/Chamk/Desktop/Repo/BasicCPU/Memory/ROM.vhd Line: 55
Warning (14026): LATCH primitive "ROM:ReadOnlyInstructionMemory|Dout[11]" is permanently enabled File: C:/Users/Chamk/Desktop/Repo/BasicCPU/Memory/ROM.vhd Line: 55
Warning (14026): LATCH primitive "ROM:ReadOnlyInstructionMemory|Dout[12]" is permanently enabled File: C:/Users/Chamk/Desktop/Repo/BasicCPU/Memory/ROM.vhd Line: 55
Warning (14026): LATCH primitive "ROM:ReadOnlyInstructionMemory|Dout[13]" is permanently enabled File: C:/Users/Chamk/Desktop/Repo/BasicCPU/Memory/ROM.vhd Line: 55
Warning (14026): LATCH primitive "ROM:ReadOnlyInstructionMemory|Dout[14]" is permanently enabled File: C:/Users/Chamk/Desktop/Repo/BasicCPU/Memory/ROM.vhd Line: 55
Warning (14026): LATCH primitive "ROM:ReadOnlyInstructionMemory|Dout[15]" is permanently enabled File: C:/Users/Chamk/Desktop/Repo/BasicCPU/Memory/ROM.vhd Line: 55
Warning (14026): LATCH primitive "ROM:ReadOnlyInstructionMemory|DoutI[0]" is permanently enabled File: C:/Users/Chamk/Desktop/Repo/BasicCPU/Memory/ROM.vhd Line: 55
Warning (13024): Output pins are stuck at VCC or GND
    Warning (13410): Pin "HEX0[6]" is stuck at VCC
    Warning (13410): Pin "HEX0[5]" is stuck at GND
    Warning (13410): Pin "HEX0[4]" is stuck at GND
    Warning (13410): Pin "HEX0[3]" is stuck at GND
    Warning (13410): Pin "HEX0[2]" is stuck at GND
    Warning (13410): Pin "HEX0[1]" is stuck at GND
    Warning (13410): Pin "HEX0[0]" is stuck at GND
    Warning (13410): Pin "HEX1[6]" is stuck at VCC
    Warning (13410): Pin "HEX1[5]" is stuck at GND
    Warning (13410): Pin "HEX1[4]" is stuck at GND
    Warning (13410): Pin "HEX1[3]" is stuck at GND
    Warning (13410): Pin "HEX1[2]" is stuck at GND
    Warning (13410): Pin "HEX1[1]" is stuck at GND
    Warning (13410): Pin "HEX1[0]" is stuck at GND
    Warning (13410): Pin "HEX2[6]" is stuck at VCC
    Warning (13410): Pin "HEX2[5]" is stuck at GND
    Warning (13410): Pin "HEX2[4]" is stuck at GND
    Warning (13410): Pin "HEX2[3]" is stuck at GND
    Warning (13410): Pin "HEX2[2]" is stuck at GND
    Warning (13410): Pin "HEX2[1]" is stuck at GND
    Warning (13410): Pin "HEX2[0]" is stuck at GND
    Warning (13410): Pin "HEX3[6]" is stuck at VCC
    Warning (13410): Pin "HEX3[5]" is stuck at GND
    Warning (13410): Pin "HEX3[4]" is stuck at GND
    Warning (13410): Pin "HEX3[3]" is stuck at GND
    Warning (13410): Pin "HEX3[2]" is stuck at GND
    Warning (13410): Pin "HEX3[1]" is stuck at GND
    Warning (13410): Pin "HEX3[0]" is stuck at GND
Info (17049): 288 registers lost all their fanouts during netlist optimizations.
Info (16010): Generating hard_block partition "hard_block:auto_generated_inst"
    Info (16011): Adding 0 node(s), including 0 DDIO, 0 PLL, 0 transceiver and 0 LCELL
Warning (21074): Design contains 11 input pin(s) that do not drive logic
    Warning (15610): No output dependent on input pin "clk"
    Warning (15610): No output dependent on input pin "SW[9]"
    Warning (15610): No output dependent on input pin "SW[8]"
    Warning (15610): No output dependent on input pin "SW[7]"
    Warning (15610): No output dependent on input pin "SW[6]"
    Warning (15610): No output dependent on input pin "SW[5]"
    Warning (15610): No output dependent on input pin "SW[4]"
    Warning (15610): No output dependent on input pin "SW[3]"
    Warning (15610): No output dependent on input pin "SW[2]"
    Warning (15610): No output dependent on input pin "SW[1]"
    Warning (15610): No output dependent on input pin "SW[0]"
Info (21057): Implemented 39 device resources after synthesis - the final resource count might be different
    Info (21058): Implemented 11 input pins
    Info (21059): Implemented 28 output pins
Info: Quartus Prime Analysis & Synthesis was successful. 0 errors, 82 warnings
    Info: Peak virtual memory: 4856 megabytes
    Info: Processing ended: Sun Oct  4 20:37:02 2026
    Info: Elapsed time: 00:00:06
    Info: Total CPU time (on all processors): 00:00:12


